{
    "model": {
        "type": "range_dispatch",
        "property": "custom_model_data",
        "fallback": {
            "type": "model",
            "model": "item/apple"
        },
        "index": 0,
        "entries": [
            {
                "threshold": 5328,
                "model": {
                    "type": "model",
                    "model": "gc:item/food/appleman"
                }
            },
            {
                "threshold": 5346,
                "model": {
                    "type": "model",
                    "model": "gc:item/food/fries"
                }
            },
            {
                "threshold": 5347,
                "model": {
                    "type": "model",
                    "model": "gc:item/food/shake"
                }
            },
            {
                "threshold": 5348,
                "model": {
                    "type": "model",
                    "model": "gc:item/food/watermelon_pop"
                }
            },
            {
                "threshold": 5349,
                "model": {
                    "type": "model",
                    "model": "gc:item/food/mug"
                }
            }
        ]
    }
}