{
    "model": {
        "type": "range_dispatch",
        "property": "custom_model_data",
        "fallback": {
            "type": "model",
            "model": "block/carved_pumpkin"
        },
        "index": 0,
        "entries": [
            {
                "threshold": 5305,
                "model": {
                    "type": "model",
                    "model": "gc:item/hats/salmon_crown"
                }
            },
            {
                "threshold": 5306,
                "model": {
                    "type": "model",
                    "model": "gc:item/costume/creeper"
                }
            },
            {
                "threshold": 5307,
                "model": {
                    "type": "model",
                    "model": "gc:item/costume/oak_tree"
                }
            },
            {
                "threshold": 5319,
                "model": {
                    "type": "model",
                    "model": "gc:item/costume/witch"
                }
            },
            {
                "threshold": 5322,
                "model": {
                    "type": "model",
                    "model": "gc:item/hats/hard_hat"
                }
            },
            {
                "threshold": 5353,
                "model": {
                    "type": "model",
                    "model": "gc:item/other/doll"
                }
            }
        ]
    }
}
