{
    "model": {
        "type": "range_dispatch",
        "property": "custom_model_data",
        "fallback": {
            "type": "model",
            "model": "item/emerald"
        },
        "index": 0,
        "entries": [
            {
                "threshold": 5320,
                "model": {
                    "type": "model",
                    "model": "gc:item/other/token"
                }
            },
            {
                "threshold": 5350,
                "model": {
                    "type": "model",
                    "model": "gc:item/other/gold_medallion"
                }
            },
            {
                "threshold": 5351,
                "model": {
                    "type": "model",
                    "model": "gc:item/other/silver_medallion"
                }
            }
        ]
    }
}