{
    "model": {
        "type": "range_dispatch",
        "property": "custom_model_data",
        "fallback": {
            "type": "model",
            "model": "item/ender_pearl"
        },
        "index": 0,
        "entries": [
            {
                "threshold": 5327,
                "model": {
                    "type": "model",
                    "model": "gc:item/other/wizard"
                }
            },
            {
                "threshold": 5352,
                "model": {
                    "type": "model",
                    "model": "gc:item/other/starsquid"
                }
            }
        ]
    }
}