{
    "model": {
        "type": "range_dispatch",
        "property": "custom_model_data",
        "fallback": {
            "type": "model",
            "model": "item/mace"
        },
        "index": 0,
        "entries": [
            {
                "threshold": 5354,
                "model": {
                    "type": "model",
                    "model": "gc:item/other/mace"
                }
            },
            {
                "threshold": 5355,
                "model": {
                    "type": "model",
                    "model": "gc:item/other/3d_mace"
                }
            }
        ]
    }
}