{
    "model": {
        "type": "range_dispatch",
        "property": "custom_model_data",
        "fallback": {
            "type": "model",
            "model": "item/paper"
        },
        "index": 0,
        "entries": [
            {
                "threshold": 5310,
                "model": {
                    "type": "model",
                    "model": "gc:item/other/paper"
                }
            },
            {
                "threshold": 5317,
                "model": {
                    "type": "model",
                    "model": "gc:item/other/wuwhee_card"
                }
            }
        ]
    }
}