{
    "model": {
        "type": "range_dispatch",
        "property": "custom_model_data",
        "fallback": {
            "type": "model",
            "model": "item/totem_of_undying"
        },
        "index": 0,
        "entries": [
            {
                "threshold": 5332,
                "model": {
                    "type": "model",
                    "model": "gc:item/totem/robot"
                }
            },
            {
                "threshold": 5333,
                "model": {
                    "type": "model",
                    "model": "gc:item/totem/kivuli"
                }
            },
            {
                "threshold": 5334,
                "model": {
                    "type": "model",
                    "model": "gc:item/totem/vanya"
                }
            },
            {
                "threshold": 5335,
                "model": {
                    "type": "model",
                    "model": "gc:item/totem/spell"
                }
            },
            {
                "threshold": 5336,
                "model": {
                    "type": "model",
                    "model": "gc:item/totem/oof"
                }
            },
            {
                "threshold": 5337,
                "model": {
                    "type": "model",
                    "model": "gc:item/totem/star"
                }
            },
            {
                "threshold": 5338,
                "model": {
                    "type": "model",
                    "model": "gc:item/totem/time"
                }
            },
            {
                "threshold": 5339,
                "model": {
                    "type": "model",
                    "model": "gc:item/totem/robot"
                }
            },
            {
                "threshold": 5340,
                "model": {
                    "type": "model",
                    "model": "gc:item/totem/robot"
                }
            },
            {
                "threshold": 5341,
                "model": {
                    "type": "model",
                    "model": "gc:item/totem/robot"
                }
            },
            {
                "threshold": 5342,
                "model": {
                    "type": "model",
                    "model": "gc:item/totem/robot"
                }
            },
            {
                "threshold": 5343,
                "model": {
                    "type": "model",
                    "model": "gc:item/totem/robot"
                }
            },
            {
                "threshold": 5344,
                "model": {
                    "type": "model",
                    "model": "gc:item/totem/robot"
                }
            },
            {
                "threshold": 5345,
                "model": {
                    "type": "model",
                    "model": "gc:item/totem/robot"
                }
            }
        ]
    }
}