{
    "credit": "Made with Blockbench",
    "texture_size": [
        32,
        32
    ],
    "textures": {
        "0": "gc:item/custom/witch_hat"
    },
    "elements": [
        {
            "from": [
                1,
                0.9,
                1
            ],
            "to": [
                15,
                0.9,
                15
            ],
            "faces": {
                "north": {
                    "uv": [
                        4,
                        9,
                        11,
                        16
                    ],
                    "texture": "#0"
                },
                "east": {
                    "uv": [
                        4,
                        9,
                        11,
                        16
                    ],
                    "texture": "#0"
                },
                "south": {
                    "uv": [
                        4,
                        9,
                        11,
                        16
                    ],
                    "texture": "#0"
                },
                "west": {
                    "uv": [
                        4,
                        9,
                        11,
                        16
                    ],
                    "texture": "#0"
                },
                "up": {
                    "uv": [
                        4,
                        9,
                        11,
                        16
                    ],
                    "texture": "#0"
                },
                "down": {
                    "uv": [
                        4,
                        9,
                        11,
                        16
                    ],
                    "texture": "#0"
                }
            }
        },
        {
            "from": [
                12,
                1,
                3
            ],
            "to": [
                13,
                2,
                4
            ],
            "faces": {
                "north": {
                    "uv": [
                        11,
                        11,
                        11.5,
                        11.5
                    ],
                    "texture": "#0"
                },
                "east": {
                    "uv": [
                        11,
                        11,
                        11.5,
                        11.5
                    ],
                    "texture": "#0"
                },
                "south": {
                    "uv": [
                        11,
                        11,
                        11.5,
                        11.5
                    ],
                    "texture": "#0"
                },
                "west": {
                    "uv": [
                        11,
                        11,
                        11.5,
                        11.5
                    ],
                    "texture": "#0"
                },
                "up": {
                    "uv": [
                        11,
                        11,
                        11.5,
                        11.5
                    ],
                    "texture": "#0"
                },
                "down": {
                    "uv": [
                        11,
                        11,
                        11.5,
                        11.5
                    ],
                    "texture": "#0"
                }
            }
        },
        {
            "from": [
                11,
                1,
                3
            ],
            "to": [
                12,
                2,
                4
            ],
            "faces": {
                "north": {
                    "uv": [
                        11,
                        11.5,
                        11.5,
                        12
                    ],
                    "texture": "#0"
                },
                "east": {
                    "uv": [
                        11,
                        11.5,
                        11.5,
                        12
                    ],
                    "texture": "#0"
                },
                "south": {
                    "uv": [
                        11,
                        11.5,
                        11.5,
                        12
                    ],
                    "texture": "#0"
                },
                "west": {
                    "uv": [
                        11,
                        11.5,
                        11.5,
                        12
                    ],
                    "texture": "#0"
                },
                "up": {
                    "uv": [
                        11,
                        11.5,
                        11.5,
                        12
                    ],
                    "texture": "#0"
                },
                "down": {
                    "uv": [
                        11,
                        11.5,
                        11.5,
                        12
                    ],
                    "texture": "#0"
                }
            }
        },
        {
            "from": [
                10,
                1,
                3
            ],
            "to": [
                11,
                2,
                4
            ],
            "faces": {
                "north": {
                    "uv": [
                        11,
                        12,
                        11.5,
                        12.5
                    ],
                    "texture": "#0"
                },
                "east": {
                    "uv": [
                        11,
                        12,
                        11.5,
                        12.5
                    ],
                    "texture": "#0"
                },
                "south": {
                    "uv": [
                        11,
                        12,
                        11.5,
                        12.5
                    ],
                    "texture": "#0"
                },
                "west": {
                    "uv": [
                        11,
                        12,
                        11.5,
                        12.5
                    ],
                    "texture": "#0"
                },
                "up": {
                    "uv": [
                        11,
                        12,
                        11.5,
                        12.5
                    ],
                    "texture": "#0"
                },
                "down": {
                    "uv": [
                        11,
                        12,
                        11.5,
                        12.5
                    ],
                    "texture": "#0"
                }
            }
        },
        {
            "from": [
                9,
                1,
                3
            ],
            "to": [
                10,
                2,
                4
            ],
            "faces": {
                "north": {
                    "uv": [
                        11,
                        12.5,
                        11.5,
                        13
                    ],
                    "texture": "#0"
                },
                "east": {
                    "uv": [
                        11,
                        12.5,
                        11.5,
                        13
                    ],
                    "texture": "#0"
                },
                "south": {
                    "uv": [
                        11,
                        12.5,
                        11.5,
                        13
                    ],
                    "texture": "#0"
                },
                "west": {
                    "uv": [
                        11,
                        12.5,
                        11.5,
                        13
                    ],
                    "texture": "#0"
                },
                "up": {
                    "uv": [
                        11,
                        12.5,
                        11.5,
                        13
                    ],
                    "texture": "#0"
                },
                "down": {
                    "uv": [
                        11,
                        12.5,
                        11.5,
                        13
                    ],
                    "texture": "#0"
                }
            }
        },
        {
            "from": [
                8,
                1,
                3
            ],
            "to": [
                9,
                2,
                4
            ],
            "faces": {
                "north": {
                    "uv": [
                        11,
                        13,
                        11.5,
                        13.5
                    ],
                    "texture": "#0"
                },
                "east": {
                    "uv": [
                        11,
                        13,
                        11.5,
                        13.5
                    ],
                    "texture": "#0"
                },
                "south": {
                    "uv": [
                        11,
                        13,
                        11.5,
                        13.5
                    ],
                    "texture": "#0"
                },
                "west": {
                    "uv": [
                        11,
                        13,
                        11.5,
                        13.5
                    ],
                    "texture": "#0"
                },
                "up": {
                    "uv": [
                        11,
                        13,
                        11.5,
                        13.5
                    ],
                    "texture": "#0"
                },
                "down": {
                    "uv": [
                        11,
                        13,
                        11.5,
                        13.5
                    ],
                    "texture": "#0"
                }
            }
        },
        {
            "from": [
                3,
                1,
                8
            ],
            "to": [
                4,
                2,
                9
            ],
            "faces": {
                "north": {
                    "uv": [
                        11,
                        13,
                        11.5,
                        13.5
                    ],
                    "texture": "#0"
                },
                "east": {
                    "uv": [
                        11,
                        13,
                        11.5,
                        13.5
                    ],
                    "texture": "#0"
                },
                "south": {
                    "uv": [
                        11,
                        13,
                        11.5,
                        13.5
                    ],
                    "texture": "#0"
                },
                "west": {
                    "uv": [
                        11,
                        13,
                        11.5,
                        13.5
                    ],
                    "texture": "#0"
                },
                "up": {
                    "uv": [
                        11,
                        13,
                        11.5,
                        13.5
                    ],
                    "texture": "#0"
                },
                "down": {
                    "uv": [
                        11,
                        13,
                        11.5,
                        13.5
                    ],
                    "texture": "#0"
                }
            }
        },
        {
            "from": [
                3,
                1,
                9
            ],
            "to": [
                4,
                2,
                10
            ],
            "faces": {
                "north": {
                    "uv": [
                        11,
                        13,
                        11.5,
                        13.5
                    ],
                    "texture": "#0"
                },
                "east": {
                    "uv": [
                        11,
                        13,
                        11.5,
                        13.5
                    ],
                    "texture": "#0"
                },
                "south": {
                    "uv": [
                        11,
                        13,
                        11.5,
                        13.5
                    ],
                    "texture": "#0"
                },
                "west": {
                    "uv": [
                        11,
                        13,
                        11.5,
                        13.5
                    ],
                    "texture": "#0"
                },
                "up": {
                    "uv": [
                        11,
                        13,
                        11.5,
                        13.5
                    ],
                    "texture": "#0"
                },
                "down": {
                    "uv": [
                        11,
                        13,
                        11.5,
                        13.5
                    ],
                    "texture": "#0"
                }
            }
        },
        {
            "from": [
                8,
                1,
                12
            ],
            "to": [
                9,
                2,
                13
            ],
            "faces": {
                "north": {
                    "uv": [
                        11,
                        13,
                        11.5,
                        13.5
                    ],
                    "texture": "#0"
                },
                "east": {
                    "uv": [
                        11,
                        13,
                        11.5,
                        13.5
                    ],
                    "texture": "#0"
                },
                "south": {
                    "uv": [
                        11,
                        13,
                        11.5,
                        13.5
                    ],
                    "texture": "#0"
                },
                "west": {
                    "uv": [
                        11,
                        13,
                        11.5,
                        13.5
                    ],
                    "texture": "#0"
                },
                "up": {
                    "uv": [
                        11,
                        13,
                        11.5,
                        13.5
                    ],
                    "texture": "#0"
                },
                "down": {
                    "uv": [
                        11,
                        13,
                        11.5,
                        13.5
                    ],
                    "texture": "#0"
                }
            }
        },
        {
            "from": [
                9,
                1,
                12
            ],
            "to": [
                10,
                2,
                13
            ],
            "faces": {
                "north": {
                    "uv": [
                        11,
                        13,
                        11.5,
                        13.5
                    ],
                    "texture": "#0"
                },
                "east": {
                    "uv": [
                        11,
                        13,
                        11.5,
                        13.5
                    ],
                    "texture": "#0"
                },
                "south": {
                    "uv": [
                        11,
                        13,
                        11.5,
                        13.5
                    ],
                    "texture": "#0"
                },
                "west": {
                    "uv": [
                        11,
                        13,
                        11.5,
                        13.5
                    ],
                    "texture": "#0"
                },
                "up": {
                    "uv": [
                        11,
                        13,
                        11.5,
                        13.5
                    ],
                    "texture": "#0"
                },
                "down": {
                    "uv": [
                        11,
                        13,
                        11.5,
                        13.5
                    ],
                    "texture": "#0"
                }
            }
        },
        {
            "from": [
                12,
                1,
                7
            ],
            "to": [
                13,
                2,
                8
            ],
            "faces": {
                "north": {
                    "uv": [
                        11,
                        13,
                        11.5,
                        13.5
                    ],
                    "texture": "#0"
                },
                "east": {
                    "uv": [
                        11,
                        13,
                        11.5,
                        13.5
                    ],
                    "texture": "#0"
                },
                "south": {
                    "uv": [
                        11,
                        13,
                        11.5,
                        13.5
                    ],
                    "texture": "#0"
                },
                "west": {
                    "uv": [
                        11,
                        13,
                        11.5,
                        13.5
                    ],
                    "texture": "#0"
                },
                "up": {
                    "uv": [
                        11,
                        13,
                        11.5,
                        13.5
                    ],
                    "texture": "#0"
                },
                "down": {
                    "uv": [
                        11,
                        13,
                        11.5,
                        13.5
                    ],
                    "texture": "#0"
                }
            }
        },
        {
            "from": [
                12,
                1,
                6
            ],
            "to": [
                13,
                2,
                7
            ],
            "faces": {
                "north": {
                    "uv": [
                        11,
                        13,
                        11.5,
                        13.5
                    ],
                    "texture": "#0"
                },
                "east": {
                    "uv": [
                        11,
                        13,
                        11.5,
                        13.5
                    ],
                    "texture": "#0"
                },
                "south": {
                    "uv": [
                        11,
                        13,
                        11.5,
                        13.5
                    ],
                    "texture": "#0"
                },
                "west": {
                    "uv": [
                        11,
                        13,
                        11.5,
                        13.5
                    ],
                    "texture": "#0"
                },
                "up": {
                    "uv": [
                        11,
                        13,
                        11.5,
                        13.5
                    ],
                    "texture": "#0"
                },
                "down": {
                    "uv": [
                        11,
                        13,
                        11.5,
                        13.5
                    ],
                    "texture": "#0"
                }
            }
        },
        {
            "from": [
                7,
                1,
                3
            ],
            "to": [
                8,
                2,
                4
            ],
            "faces": {
                "north": {
                    "uv": [
                        11,
                        13.5,
                        11.5,
                        14
                    ],
                    "texture": "#0"
                },
                "east": {
                    "uv": [
                        11,
                        13.5,
                        11.5,
                        14
                    ],
                    "texture": "#0"
                },
                "south": {
                    "uv": [
                        11,
                        13.5,
                        11.5,
                        14
                    ],
                    "texture": "#0"
                },
                "west": {
                    "uv": [
                        11,
                        13.5,
                        11.5,
                        14
                    ],
                    "texture": "#0"
                },
                "up": {
                    "uv": [
                        11,
                        13.5,
                        11.5,
                        14
                    ],
                    "texture": "#0"
                },
                "down": {
                    "uv": [
                        11,
                        13.5,
                        11.5,
                        14
                    ],
                    "texture": "#0"
                }
            }
        },
        {
            "from": [
                6,
                1,
                3
            ],
            "to": [
                7,
                2,
                4
            ],
            "faces": {
                "north": {
                    "uv": [
                        11,
                        14,
                        11.5,
                        14.5
                    ],
                    "texture": "#0"
                },
                "east": {
                    "uv": [
                        11,
                        14,
                        11.5,
                        14.5
                    ],
                    "texture": "#0"
                },
                "south": {
                    "uv": [
                        11,
                        14,
                        11.5,
                        14.5
                    ],
                    "texture": "#0"
                },
                "west": {
                    "uv": [
                        11,
                        14,
                        11.5,
                        14.5
                    ],
                    "texture": "#0"
                },
                "up": {
                    "uv": [
                        11,
                        14,
                        11.5,
                        14.5
                    ],
                    "texture": "#0"
                },
                "down": {
                    "uv": [
                        11,
                        14,
                        11.5,
                        14.5
                    ],
                    "texture": "#0"
                }
            }
        },
        {
            "from": [
                5,
                1,
                3
            ],
            "to": [
                6,
                2,
                4
            ],
            "faces": {
                "north": {
                    "uv": [
                        11,
                        14.5,
                        11.5,
                        15
                    ],
                    "texture": "#0"
                },
                "east": {
                    "uv": [
                        11,
                        14.5,
                        11.5,
                        15
                    ],
                    "texture": "#0"
                },
                "south": {
                    "uv": [
                        11,
                        14.5,
                        11.5,
                        15
                    ],
                    "texture": "#0"
                },
                "west": {
                    "uv": [
                        11,
                        14.5,
                        11.5,
                        15
                    ],
                    "texture": "#0"
                },
                "up": {
                    "uv": [
                        11,
                        14.5,
                        11.5,
                        15
                    ],
                    "texture": "#0"
                },
                "down": {
                    "uv": [
                        11,
                        14.5,
                        11.5,
                        15
                    ],
                    "texture": "#0"
                }
            }
        },
        {
            "from": [
                3,
                1,
                5
            ],
            "to": [
                4,
                2,
                6
            ],
            "faces": {
                "north": {
                    "uv": [
                        11,
                        14.5,
                        11.5,
                        15
                    ],
                    "texture": "#0"
                },
                "east": {
                    "uv": [
                        11,
                        14.5,
                        11.5,
                        15
                    ],
                    "texture": "#0"
                },
                "south": {
                    "uv": [
                        11,
                        14.5,
                        11.5,
                        15
                    ],
                    "texture": "#0"
                },
                "west": {
                    "uv": [
                        11,
                        14.5,
                        11.5,
                        15
                    ],
                    "texture": "#0"
                },
                "up": {
                    "uv": [
                        11,
                        14.5,
                        11.5,
                        15
                    ],
                    "texture": "#0"
                },
                "down": {
                    "uv": [
                        11,
                        14.5,
                        11.5,
                        15
                    ],
                    "texture": "#0"
                }
            }
        },
        {
            "from": [
                3,
                1,
                7
            ],
            "to": [
                4,
                2,
                8
            ],
            "faces": {
                "north": {
                    "uv": [
                        11,
                        14.5,
                        11.5,
                        15
                    ],
                    "texture": "#0"
                },
                "east": {
                    "uv": [
                        11,
                        14.5,
                        11.5,
                        15
                    ],
                    "texture": "#0"
                },
                "south": {
                    "uv": [
                        11,
                        14.5,
                        11.5,
                        15
                    ],
                    "texture": "#0"
                },
                "west": {
                    "uv": [
                        11,
                        14.5,
                        11.5,
                        15
                    ],
                    "texture": "#0"
                },
                "up": {
                    "uv": [
                        11,
                        14.5,
                        11.5,
                        15
                    ],
                    "texture": "#0"
                },
                "down": {
                    "uv": [
                        11,
                        14.5,
                        11.5,
                        15
                    ],
                    "texture": "#0"
                }
            }
        },
        {
            "from": [
                3,
                1,
                10
            ],
            "to": [
                4,
                2,
                11
            ],
            "faces": {
                "north": {
                    "uv": [
                        11,
                        14.5,
                        11.5,
                        15
                    ],
                    "texture": "#0"
                },
                "east": {
                    "uv": [
                        11,
                        14.5,
                        11.5,
                        15
                    ],
                    "texture": "#0"
                },
                "south": {
                    "uv": [
                        11,
                        14.5,
                        11.5,
                        15
                    ],
                    "texture": "#0"
                },
                "west": {
                    "uv": [
                        11,
                        14.5,
                        11.5,
                        15
                    ],
                    "texture": "#0"
                },
                "up": {
                    "uv": [
                        11,
                        14.5,
                        11.5,
                        15
                    ],
                    "texture": "#0"
                },
                "down": {
                    "uv": [
                        11,
                        14.5,
                        11.5,
                        15
                    ],
                    "texture": "#0"
                }
            }
        },
        {
            "from": [
                5,
                1,
                12
            ],
            "to": [
                6,
                2,
                13
            ],
            "faces": {
                "north": {
                    "uv": [
                        11,
                        14.5,
                        11.5,
                        15
                    ],
                    "texture": "#0"
                },
                "east": {
                    "uv": [
                        11,
                        14.5,
                        11.5,
                        15
                    ],
                    "texture": "#0"
                },
                "south": {
                    "uv": [
                        11,
                        14.5,
                        11.5,
                        15
                    ],
                    "texture": "#0"
                },
                "west": {
                    "uv": [
                        11,
                        14.5,
                        11.5,
                        15
                    ],
                    "texture": "#0"
                },
                "up": {
                    "uv": [
                        11,
                        14.5,
                        11.5,
                        15
                    ],
                    "texture": "#0"
                },
                "down": {
                    "uv": [
                        11,
                        14.5,
                        11.5,
                        15
                    ],
                    "texture": "#0"
                }
            }
        },
        {
            "from": [
                7,
                1,
                12
            ],
            "to": [
                8,
                2,
                13
            ],
            "faces": {
                "north": {
                    "uv": [
                        11,
                        14.5,
                        11.5,
                        15
                    ],
                    "texture": "#0"
                },
                "east": {
                    "uv": [
                        11,
                        14.5,
                        11.5,
                        15
                    ],
                    "texture": "#0"
                },
                "south": {
                    "uv": [
                        11,
                        14.5,
                        11.5,
                        15
                    ],
                    "texture": "#0"
                },
                "west": {
                    "uv": [
                        11,
                        14.5,
                        11.5,
                        15
                    ],
                    "texture": "#0"
                },
                "up": {
                    "uv": [
                        11,
                        14.5,
                        11.5,
                        15
                    ],
                    "texture": "#0"
                },
                "down": {
                    "uv": [
                        11,
                        14.5,
                        11.5,
                        15
                    ],
                    "texture": "#0"
                }
            }
        },
        {
            "from": [
                10,
                1,
                12
            ],
            "to": [
                11,
                2,
                13
            ],
            "faces": {
                "north": {
                    "uv": [
                        11,
                        14.5,
                        11.5,
                        15
                    ],
                    "texture": "#0"
                },
                "east": {
                    "uv": [
                        11,
                        14.5,
                        11.5,
                        15
                    ],
                    "texture": "#0"
                },
                "south": {
                    "uv": [
                        11,
                        14.5,
                        11.5,
                        15
                    ],
                    "texture": "#0"
                },
                "west": {
                    "uv": [
                        11,
                        14.5,
                        11.5,
                        15
                    ],
                    "texture": "#0"
                },
                "up": {
                    "uv": [
                        11,
                        14.5,
                        11.5,
                        15
                    ],
                    "texture": "#0"
                },
                "down": {
                    "uv": [
                        11,
                        14.5,
                        11.5,
                        15
                    ],
                    "texture": "#0"
                }
            }
        },
        {
            "from": [
                12,
                1,
                10
            ],
            "to": [
                13,
                2,
                11
            ],
            "faces": {
                "north": {
                    "uv": [
                        11,
                        14.5,
                        11.5,
                        15
                    ],
                    "texture": "#0"
                },
                "east": {
                    "uv": [
                        11,
                        14.5,
                        11.5,
                        15
                    ],
                    "texture": "#0"
                },
                "south": {
                    "uv": [
                        11,
                        14.5,
                        11.5,
                        15
                    ],
                    "texture": "#0"
                },
                "west": {
                    "uv": [
                        11,
                        14.5,
                        11.5,
                        15
                    ],
                    "texture": "#0"
                },
                "up": {
                    "uv": [
                        11,
                        14.5,
                        11.5,
                        15
                    ],
                    "texture": "#0"
                },
                "down": {
                    "uv": [
                        11,
                        14.5,
                        11.5,
                        15
                    ],
                    "texture": "#0"
                }
            }
        },
        {
            "from": [
                12,
                1,
                8
            ],
            "to": [
                13,
                2,
                9
            ],
            "faces": {
                "north": {
                    "uv": [
                        11,
                        14.5,
                        11.5,
                        15
                    ],
                    "texture": "#0"
                },
                "east": {
                    "uv": [
                        11,
                        14.5,
                        11.5,
                        15
                    ],
                    "texture": "#0"
                },
                "south": {
                    "uv": [
                        11,
                        14.5,
                        11.5,
                        15
                    ],
                    "texture": "#0"
                },
                "west": {
                    "uv": [
                        11,
                        14.5,
                        11.5,
                        15
                    ],
                    "texture": "#0"
                },
                "up": {
                    "uv": [
                        11,
                        14.5,
                        11.5,
                        15
                    ],
                    "texture": "#0"
                },
                "down": {
                    "uv": [
                        11,
                        14.5,
                        11.5,
                        15
                    ],
                    "texture": "#0"
                }
            }
        },
        {
            "from": [
                12,
                1,
                5
            ],
            "to": [
                13,
                2,
                6
            ],
            "faces": {
                "north": {
                    "uv": [
                        11,
                        14.5,
                        11.5,
                        15
                    ],
                    "texture": "#0"
                },
                "east": {
                    "uv": [
                        11,
                        14.5,
                        11.5,
                        15
                    ],
                    "texture": "#0"
                },
                "south": {
                    "uv": [
                        11,
                        14.5,
                        11.5,
                        15
                    ],
                    "texture": "#0"
                },
                "west": {
                    "uv": [
                        11,
                        14.5,
                        11.5,
                        15
                    ],
                    "texture": "#0"
                },
                "up": {
                    "uv": [
                        11,
                        14.5,
                        11.5,
                        15
                    ],
                    "texture": "#0"
                },
                "down": {
                    "uv": [
                        11,
                        14.5,
                        11.5,
                        15
                    ],
                    "texture": "#0"
                }
            }
        },
        {
            "from": [
                4,
                1,
                3
            ],
            "to": [
                5,
                2,
                4
            ],
            "faces": {
                "north": {
                    "uv": [
                        11,
                        15,
                        11.5,
                        15.5
                    ],
                    "texture": "#0"
                },
                "east": {
                    "uv": [
                        11,
                        15,
                        11.5,
                        15.5
                    ],
                    "texture": "#0"
                },
                "south": {
                    "uv": [
                        11,
                        15,
                        11.5,
                        15.5
                    ],
                    "texture": "#0"
                },
                "west": {
                    "uv": [
                        11,
                        15,
                        11.5,
                        15.5
                    ],
                    "texture": "#0"
                },
                "up": {
                    "uv": [
                        11,
                        15,
                        11.5,
                        15.5
                    ],
                    "texture": "#0"
                },
                "down": {
                    "uv": [
                        11,
                        15,
                        11.5,
                        15.5
                    ],
                    "texture": "#0"
                }
            }
        },
        {
            "from": [
                3,
                1,
                3
            ],
            "to": [
                4,
                2,
                4
            ],
            "faces": {
                "north": {
                    "uv": [
                        15.5,
                        15.5,
                        16,
                        16
                    ],
                    "texture": "#0"
                },
                "east": {
                    "uv": [
                        15.5,
                        15.5,
                        16,
                        16
                    ],
                    "texture": "#0"
                },
                "south": {
                    "uv": [
                        15.5,
                        15.5,
                        16,
                        16
                    ],
                    "texture": "#0"
                },
                "west": {
                    "uv": [
                        15.5,
                        15.5,
                        16,
                        16
                    ],
                    "texture": "#0"
                },
                "up": {
                    "uv": [
                        15.5,
                        15.5,
                        16,
                        16
                    ],
                    "texture": "#0"
                },
                "down": {
                    "uv": [
                        15.5,
                        15.5,
                        16,
                        16
                    ],
                    "texture": "#0"
                }
            }
        },
        {
            "from": [
                3,
                1,
                4
            ],
            "to": [
                4,
                2,
                5
            ],
            "faces": {
                "north": {
                    "uv": [
                        15.5,
                        15.5,
                        16,
                        16
                    ],
                    "texture": "#0"
                },
                "east": {
                    "uv": [
                        15.5,
                        15.5,
                        16,
                        16
                    ],
                    "texture": "#0"
                },
                "south": {
                    "uv": [
                        15.5,
                        15.5,
                        16,
                        16
                    ],
                    "texture": "#0"
                },
                "west": {
                    "uv": [
                        15.5,
                        15.5,
                        16,
                        16
                    ],
                    "texture": "#0"
                },
                "up": {
                    "uv": [
                        15.5,
                        15.5,
                        16,
                        16
                    ],
                    "texture": "#0"
                },
                "down": {
                    "uv": [
                        15.5,
                        15.5,
                        16,
                        16
                    ],
                    "texture": "#0"
                }
            }
        },
        {
            "from": [
                3,
                1,
                6
            ],
            "to": [
                4,
                2,
                7
            ],
            "faces": {
                "north": {
                    "uv": [
                        15.5,
                        15.5,
                        16,
                        16
                    ],
                    "texture": "#0"
                },
                "east": {
                    "uv": [
                        15.5,
                        15.5,
                        16,
                        16
                    ],
                    "texture": "#0"
                },
                "south": {
                    "uv": [
                        15.5,
                        15.5,
                        16,
                        16
                    ],
                    "texture": "#0"
                },
                "west": {
                    "uv": [
                        15.5,
                        15.5,
                        16,
                        16
                    ],
                    "texture": "#0"
                },
                "up": {
                    "uv": [
                        15.5,
                        15.5,
                        16,
                        16
                    ],
                    "texture": "#0"
                },
                "down": {
                    "uv": [
                        15.5,
                        15.5,
                        16,
                        16
                    ],
                    "texture": "#0"
                }
            }
        },
        {
            "from": [
                3,
                1,
                11
            ],
            "to": [
                4,
                2,
                12
            ],
            "faces": {
                "north": {
                    "uv": [
                        15.5,
                        15.5,
                        16,
                        16
                    ],
                    "texture": "#0"
                },
                "east": {
                    "uv": [
                        15.5,
                        15.5,
                        16,
                        16
                    ],
                    "texture": "#0"
                },
                "south": {
                    "uv": [
                        15.5,
                        15.5,
                        16,
                        16
                    ],
                    "texture": "#0"
                },
                "west": {
                    "uv": [
                        15.5,
                        15.5,
                        16,
                        16
                    ],
                    "texture": "#0"
                },
                "up": {
                    "uv": [
                        15.5,
                        15.5,
                        16,
                        16
                    ],
                    "texture": "#0"
                },
                "down": {
                    "uv": [
                        15.5,
                        15.5,
                        16,
                        16
                    ],
                    "texture": "#0"
                }
            }
        },
        {
            "from": [
                3,
                1,
                12
            ],
            "to": [
                4,
                2,
                13
            ],
            "faces": {
                "north": {
                    "uv": [
                        15.5,
                        15.5,
                        16,
                        16
                    ],
                    "texture": "#0"
                },
                "east": {
                    "uv": [
                        15.5,
                        15.5,
                        16,
                        16
                    ],
                    "texture": "#0"
                },
                "south": {
                    "uv": [
                        15.5,
                        15.5,
                        16,
                        16
                    ],
                    "texture": "#0"
                },
                "west": {
                    "uv": [
                        15.5,
                        15.5,
                        16,
                        16
                    ],
                    "texture": "#0"
                },
                "up": {
                    "uv": [
                        15.5,
                        15.5,
                        16,
                        16
                    ],
                    "texture": "#0"
                },
                "down": {
                    "uv": [
                        15.5,
                        15.5,
                        16,
                        16
                    ],
                    "texture": "#0"
                }
            }
        },
        {
            "from": [
                4,
                1,
                12
            ],
            "to": [
                5,
                2,
                13
            ],
            "faces": {
                "north": {
                    "uv": [
                        15.5,
                        15.5,
                        16,
                        16
                    ],
                    "texture": "#0"
                },
                "east": {
                    "uv": [
                        15.5,
                        15.5,
                        16,
                        16
                    ],
                    "texture": "#0"
                },
                "south": {
                    "uv": [
                        15.5,
                        15.5,
                        16,
                        16
                    ],
                    "texture": "#0"
                },
                "west": {
                    "uv": [
                        15.5,
                        15.5,
                        16,
                        16
                    ],
                    "texture": "#0"
                },
                "up": {
                    "uv": [
                        15.5,
                        15.5,
                        16,
                        16
                    ],
                    "texture": "#0"
                },
                "down": {
                    "uv": [
                        15.5,
                        15.5,
                        16,
                        16
                    ],
                    "texture": "#0"
                }
            }
        },
        {
            "from": [
                6,
                1,
                12
            ],
            "to": [
                7,
                2,
                13
            ],
            "faces": {
                "north": {
                    "uv": [
                        15.5,
                        15.5,
                        16,
                        16
                    ],
                    "texture": "#0"
                },
                "east": {
                    "uv": [
                        15.5,
                        15.5,
                        16,
                        16
                    ],
                    "texture": "#0"
                },
                "south": {
                    "uv": [
                        15.5,
                        15.5,
                        16,
                        16
                    ],
                    "texture": "#0"
                },
                "west": {
                    "uv": [
                        15.5,
                        15.5,
                        16,
                        16
                    ],
                    "texture": "#0"
                },
                "up": {
                    "uv": [
                        15.5,
                        15.5,
                        16,
                        16
                    ],
                    "texture": "#0"
                },
                "down": {
                    "uv": [
                        15.5,
                        15.5,
                        16,
                        16
                    ],
                    "texture": "#0"
                }
            }
        },
        {
            "from": [
                12,
                1,
                12
            ],
            "to": [
                13,
                2,
                13
            ],
            "faces": {
                "north": {
                    "uv": [
                        15.5,
                        15.5,
                        16,
                        16
                    ],
                    "texture": "#0"
                },
                "east": {
                    "uv": [
                        15.5,
                        15.5,
                        16,
                        16
                    ],
                    "texture": "#0"
                },
                "south": {
                    "uv": [
                        15.5,
                        15.5,
                        16,
                        16
                    ],
                    "texture": "#0"
                },
                "west": {
                    "uv": [
                        15.5,
                        15.5,
                        16,
                        16
                    ],
                    "texture": "#0"
                },
                "up": {
                    "uv": [
                        15.5,
                        15.5,
                        16,
                        16
                    ],
                    "texture": "#0"
                },
                "down": {
                    "uv": [
                        15.5,
                        15.5,
                        16,
                        16
                    ],
                    "texture": "#0"
                }
            }
        },
        {
            "from": [
                12,
                1,
                11
            ],
            "to": [
                13,
                2,
                12
            ],
            "faces": {
                "north": {
                    "uv": [
                        15.5,
                        15.5,
                        16,
                        16
                    ],
                    "texture": "#0"
                },
                "east": {
                    "uv": [
                        15.5,
                        15.5,
                        16,
                        16
                    ],
                    "texture": "#0"
                },
                "south": {
                    "uv": [
                        15.5,
                        15.5,
                        16,
                        16
                    ],
                    "texture": "#0"
                },
                "west": {
                    "uv": [
                        15.5,
                        15.5,
                        16,
                        16
                    ],
                    "texture": "#0"
                },
                "up": {
                    "uv": [
                        15.5,
                        15.5,
                        16,
                        16
                    ],
                    "texture": "#0"
                },
                "down": {
                    "uv": [
                        15.5,
                        15.5,
                        16,
                        16
                    ],
                    "texture": "#0"
                }
            }
        },
        {
            "from": [
                12,
                1,
                9
            ],
            "to": [
                13,
                2,
                10
            ],
            "faces": {
                "north": {
                    "uv": [
                        15.5,
                        15.5,
                        16,
                        16
                    ],
                    "texture": "#0"
                },
                "east": {
                    "uv": [
                        15.5,
                        15.5,
                        16,
                        16
                    ],
                    "texture": "#0"
                },
                "south": {
                    "uv": [
                        15.5,
                        15.5,
                        16,
                        16
                    ],
                    "texture": "#0"
                },
                "west": {
                    "uv": [
                        15.5,
                        15.5,
                        16,
                        16
                    ],
                    "texture": "#0"
                },
                "up": {
                    "uv": [
                        15.5,
                        15.5,
                        16,
                        16
                    ],
                    "texture": "#0"
                },
                "down": {
                    "uv": [
                        15.5,
                        15.5,
                        16,
                        16
                    ],
                    "texture": "#0"
                }
            }
        },
        {
            "from": [
                12,
                1,
                4
            ],
            "to": [
                13,
                2,
                5
            ],
            "faces": {
                "north": {
                    "uv": [
                        15.5,
                        15.5,
                        16,
                        16
                    ],
                    "texture": "#0"
                },
                "east": {
                    "uv": [
                        15.5,
                        15.5,
                        16,
                        16
                    ],
                    "texture": "#0"
                },
                "south": {
                    "uv": [
                        15.5,
                        15.5,
                        16,
                        16
                    ],
                    "texture": "#0"
                },
                "west": {
                    "uv": [
                        15.5,
                        15.5,
                        16,
                        16
                    ],
                    "texture": "#0"
                },
                "up": {
                    "uv": [
                        15.5,
                        15.5,
                        16,
                        16
                    ],
                    "texture": "#0"
                },
                "down": {
                    "uv": [
                        15.5,
                        15.5,
                        16,
                        16
                    ],
                    "texture": "#0"
                }
            }
        },
        {
            "from": [
                11,
                1,
                12
            ],
            "to": [
                12,
                2,
                13
            ],
            "faces": {
                "north": {
                    "uv": [
                        15.5,
                        15.5,
                        16,
                        16
                    ],
                    "texture": "#0"
                },
                "east": {
                    "uv": [
                        15.5,
                        15.5,
                        16,
                        16
                    ],
                    "texture": "#0"
                },
                "south": {
                    "uv": [
                        15.5,
                        15.5,
                        16,
                        16
                    ],
                    "texture": "#0"
                },
                "west": {
                    "uv": [
                        15.5,
                        15.5,
                        16,
                        16
                    ],
                    "texture": "#0"
                },
                "up": {
                    "uv": [
                        15.5,
                        15.5,
                        16,
                        16
                    ],
                    "texture": "#0"
                },
                "down": {
                    "uv": [
                        15.5,
                        15.5,
                        16,
                        16
                    ],
                    "texture": "#0"
                }
            }
        },
        {
            "from": [
                4,
                2,
                4
            ],
            "to": [
                12,
                4,
                12
            ],
            "faces": {
                "north": {
                    "uv": [
                        12,
                        10,
                        16,
                        11
                    ],
                    "texture": "#0"
                },
                "east": {
                    "uv": [
                        12,
                        10,
                        16,
                        11
                    ],
                    "texture": "#0"
                },
                "south": {
                    "uv": [
                        12,
                        10,
                        16,
                        11
                    ],
                    "texture": "#0"
                },
                "west": {
                    "uv": [
                        12,
                        10,
                        16,
                        11
                    ],
                    "texture": "#0"
                },
                "up": {
                    "uv": [
                        12,
                        5.5,
                        16,
                        9.5
                    ],
                    "texture": "#0"
                },
                "down": {
                    "uv": [
                        12,
                        5.5,
                        16,
                        9.5
                    ],
                    "texture": "#0"
                }
            }
        },
        {
            "from": [
                3,
                5.5,
                5
            ],
            "to": [
                9,
                9.5,
                11
            ],
            "rotation": {
                "angle": -22.5,
                "axis": "z",
                "origin": [
                    0,
                    0,
                    0
                ]
            },
            "faces": {
                "north": {
                    "uv": [
                        6,
                        3,
                        9,
                        5
                    ],
                    "texture": "#0"
                },
                "east": {
                    "uv": [
                        9.5,
                        3,
                        12.5,
                        5
                    ],
                    "texture": "#0"
                },
                "south": {
                    "uv": [
                        13,
                        3,
                        16,
                        5
                    ],
                    "texture": "#0"
                },
                "west": {
                    "uv": [
                        9.5,
                        3,
                        12.5,
                        5
                    ],
                    "texture": "#0"
                },
                "up": {
                    "uv": [
                        11.5,
                        0.5,
                        13,
                        1
                    ],
                    "texture": "#0"
                },
                "down": {
                    "uv": [
                        0,
                        0,
                        3,
                        3
                    ],
                    "texture": "#missing"
                }
            }
        },
        {
            "from": [
                0.25,
                9.25,
                6
            ],
            "to": [
                4.25,
                13.25,
                10
            ],
            "rotation": {
                "angle": -45,
                "axis": "z",
                "origin": [
                    0,
                    0,
                    0
                ]
            },
            "faces": {
                "north": {
                    "uv": [
                        14,
                        0.5,
                        16,
                        2.5
                    ],
                    "texture": "#0"
                },
                "east": {
                    "uv": [
                        14,
                        0.5,
                        16,
                        2.5
                    ],
                    "texture": "#0"
                },
                "south": {
                    "uv": [
                        14,
                        0.5,
                        16,
                        2.5
                    ],
                    "texture": "#0"
                },
                "west": {
                    "uv": [
                        14,
                        0.5,
                        16,
                        2.5
                    ],
                    "texture": "#0"
                },
                "up": {
                    "uv": [
                        10.5,
                        3,
                        11.5,
                        4
                    ],
                    "texture": "#0"
                },
                "down": {
                    "uv": [
                        14,
                        0.5,
                        16,
                        2.5
                    ],
                    "texture": "#0"
                }
            }
        },
        {
            "from": [
                12.25,
                2,
                7
            ],
            "to": [
                15.25,
                4,
                9
            ],
            "rotation": {
                "angle": 22.5,
                "axis": "z",
                "origin": [
                    0,
                    0,
                    0
                ]
            },
            "faces": {
                "north": {
                    "uv": [
                        0.5,
                        0.5,
                        1.5,
                        2
                    ],
                    "rotation": 270,
                    "texture": "#0"
                },
                "east": {
                    "uv": [
                        0.5,
                        2.5,
                        1.5,
                        3.5
                    ],
                    "rotation": 90,
                    "texture": "#0"
                },
                "south": {
                    "uv": [
                        0.5,
                        0.5,
                        1.5,
                        2
                    ],
                    "rotation": 90,
                    "texture": "#0"
                },
                "west": {
                    "uv": [
                        0.5,
                        0.5,
                        1.5,
                        2
                    ],
                    "rotation": 90,
                    "texture": "#0"
                },
                "up": {
                    "uv": [
                        0.5,
                        0.5,
                        1.5,
                        2
                    ],
                    "rotation": 90,
                    "texture": "#0"
                },
                "down": {
                    "uv": [
                        0.5,
                        0.5,
                        2,
                        1.5
                    ],
                    "rotation": 180,
                    "texture": "#0"
                }
            }
        }
    ],
    "display": {
        "thirdperson_righthand": {
            "rotation": [
                75,
                70,
                0
            ],
            "translation": [
                0,
                1.5,
                1
            ],
            "scale": [
                0.4,
                0.4,
                0.4
            ]
        },
        "thirdperson_lefthand": {
            "rotation": [
                75,
                70,
                0
            ],
            "translation": [
                0,
                1.5,
                1
            ],
            "scale": [
                0.4,
                0.4,
                0.4
            ]
        },
        "firstperson_righthand": {
            "rotation": [
                0,
                45,
                0
            ],
            "translation": [
                0,
                5.5,
                0
            ],
            "scale": [
                0.6,
                0.6,
                0.6
            ]
        },
        "firstperson_lefthand": {
            "rotation": [
                0,
                45,
                0
            ],
            "translation": [
                0,
                5.5,
                0
            ],
            "scale": [
                0.6,
                0.6,
                0.6
            ]
        },
        "ground": {
            "scale": [
                0.4,
                0.4,
                0.4
            ]
        },
        "gui": {
            "rotation": [
                30,
                135,
                0
            ],
            "translation": [
                0,
                3.75,
                0
            ],
            "scale": [
                0.8,
                0.8,
                0.8
            ]
        },
        "head": {
            "rotation": [
                -159.67,
                -86.27,
                -164.4
            ],
            "translation": [
                0,
                17.25,
                1.25
            ],
            "scale": [
                1.76,
                1.76,
                1.76
            ]
        },
        "fixed": {
            "rotation": [
                -90,
                90,
                0
            ],
            "translation": [
                0,
                0,
                -7
            ]
        }
    }
}