{
    "credit": "Made with Blockbench",
    "textures": {
        "2": "minecraft:item/emerald",
        "5": "gc:item/custom/3d_mace",
        "particle": "minecraft:item/netherite_ingot"
    },
    "elements": [
        {
            "from": [
                6.5,
                13,
                5.5
            ],
            "to": [
                8.5,
                21,
                11.5
            ],
            "rotation": {
                "angle": 0,
                "axis": "y",
                "origin": [
                    -1,
                    0,
                    0
                ]
            },
            "faces": {
                "north": {
                    "uv": [
                        8.625,
                        11,
                        8.875,
                        12
                    ],
                    "texture": "#5"
                },
                "east": {
                    "uv": [
                        8,
                        9,
                        8.75,
                        10
                    ],
                    "texture": "#5"
                },
                "south": {
                    "uv": [
                        8.875,
                        11,
                        9.125,
                        12
                    ],
                    "texture": "#5"
                },
                "west": {
                    "uv": [
                        8.75,
                        9,
                        9.5,
                        10
                    ],
                    "texture": "#5"
                },
                "up": {
                    "uv": [
                        11.75,
                        9.5,
                        11.5,
                        8.75
                    ],
                    "texture": "#5"
                },
                "down": {
                    "uv": [
                        11.875,
                        9.5,
                        11.625,
                        10.25
                    ],
                    "texture": "#5"
                }
            }
        },
        {
            "from": [
                8.5,
                12.9,
                6.5
            ],
            "to": [
                10.75,
                21,
                10.25
            ],
            "rotation": {
                "angle": 0,
                "axis": "y",
                "origin": [
                    -1,
                    0,
                    0
                ]
            },
            "faces": {
                "north": {
                    "uv": [
                        9.375,
                        11,
                        9.625,
                        12
                    ],
                    "texture": "#5"
                },
                "east": {
                    "uv": [
                        9,
                        10,
                        9.5,
                        11
                    ],
                    "texture": "#5"
                },
                "south": {
                    "uv": [
                        9.625,
                        11,
                        9.875,
                        12
                    ],
                    "texture": "#5"
                },
                "west": {
                    "uv": [
                        9.5,
                        10,
                        10,
                        11
                    ],
                    "texture": "#5"
                },
                "up": {
                    "uv": [
                        12,
                        9.5,
                        11.75,
                        9
                    ],
                    "texture": "#5"
                },
                "down": {
                    "uv": [
                        11.625,
                        11.75,
                        11.375,
                        12.25
                    ],
                    "texture": "#5"
                }
            }
        },
        {
            "from": [
                11.5,
                13,
                5.5
            ],
            "to": [
                13.5,
                21,
                11.5
            ],
            "rotation": {
                "angle": 0,
                "axis": "y",
                "origin": [
                    -1,
                    0,
                    0
                ]
            },
            "faces": {
                "north": {
                    "uv": [
                        9.875,
                        11,
                        10.125,
                        12
                    ],
                    "texture": "#5"
                },
                "east": {
                    "uv": [
                        9.5,
                        8,
                        10.25,
                        9
                    ],
                    "texture": "#5"
                },
                "south": {
                    "uv": [
                        10.125,
                        11,
                        10.375,
                        12
                    ],
                    "texture": "#5"
                },
                "west": {
                    "uv": [
                        9.5,
                        9,
                        10.25,
                        10
                    ],
                    "texture": "#5"
                },
                "up": {
                    "uv": [
                        11.875,
                        11,
                        11.625,
                        10.25
                    ],
                    "texture": "#5"
                },
                "down": {
                    "uv": [
                        11.875,
                        11,
                        11.625,
                        11.75
                    ],
                    "texture": "#5"
                }
            }
        },
        {
            "from": [
                9.87229,
                13.05,
                7.16535
            ],
            "to": [
                11.87229,
                20.95,
                10.16535
            ],
            "rotation": {
                "angle": 22.5,
                "axis": "y",
                "origin": [
                    7.5,
                    16.975,
                    7.2685
                ]
            },
            "faces": {
                "north": {
                    "uv": [
                        10.375,
                        11,
                        10.625,
                        12
                    ],
                    "texture": "#5"
                },
                "east": {
                    "uv": [
                        10,
                        10,
                        10.375,
                        11
                    ],
                    "texture": "#5"
                },
                "south": {
                    "uv": [
                        10.625,
                        11,
                        10.875,
                        12
                    ],
                    "texture": "#5"
                },
                "west": {
                    "uv": [
                        10.25,
                        8,
                        10.625,
                        9
                    ],
                    "texture": "#5"
                },
                "up": {
                    "uv": [
                        11.875,
                        12.125,
                        11.625,
                        11.75
                    ],
                    "texture": "#5"
                },
                "down": {
                    "uv": [
                        12.125,
                        9.5,
                        11.875,
                        9.875
                    ],
                    "texture": "#5"
                }
            }
        },
        {
            "from": [
                9.87229,
                13.05,
                6.83465
            ],
            "to": [
                11.87229,
                20.95,
                9.83465
            ],
            "rotation": {
                "angle": -22.5,
                "axis": "y",
                "origin": [
                    7.5,
                    17.025,
                    9.7315
                ]
            },
            "faces": {
                "north": {
                    "uv": [
                        11.125,
                        11,
                        11.375,
                        12
                    ],
                    "texture": "#5"
                },
                "east": {
                    "uv": [
                        10.625,
                        8,
                        11,
                        9
                    ],
                    "texture": "#5"
                },
                "south": {
                    "uv": [
                        11.25,
                        8,
                        11.5,
                        9
                    ],
                    "texture": "#5"
                },
                "west": {
                    "uv": [
                        10.625,
                        9,
                        11,
                        10
                    ],
                    "texture": "#5"
                },
                "up": {
                    "uv": [
                        12.125,
                        11,
                        11.875,
                        10.625
                    ],
                    "texture": "#5"
                },
                "down": {
                    "uv": [
                        12.125,
                        11,
                        11.875,
                        11.375
                    ],
                    "texture": "#5"
                }
            }
        },
        {
            "from": [
                1.5,
                13,
                5.5
            ],
            "to": [
                3.5,
                21,
                11.5
            ],
            "rotation": {
                "angle": 0,
                "axis": "y",
                "origin": [
                    16,
                    0,
                    0
                ]
            },
            "faces": {
                "north": {
                    "uv": [
                        10.125,
                        11,
                        9.875,
                        12
                    ],
                    "texture": "#5"
                },
                "east": {
                    "uv": [
                        10.25,
                        9,
                        9.5,
                        10
                    ],
                    "texture": "#5"
                },
                "south": {
                    "uv": [
                        10.375,
                        11,
                        10.125,
                        12
                    ],
                    "texture": "#5"
                },
                "west": {
                    "uv": [
                        10.25,
                        8,
                        9.5,
                        9
                    ],
                    "texture": "#5"
                },
                "up": {
                    "uv": [
                        11.625,
                        11,
                        11.875,
                        10.25
                    ],
                    "texture": "#5"
                },
                "down": {
                    "uv": [
                        11.625,
                        11,
                        11.875,
                        11.75
                    ],
                    "texture": "#5"
                }
            }
        },
        {
            "from": [
                3.12771,
                13.05,
                7.16535
            ],
            "to": [
                5.12771,
                20.95,
                10.16535
            ],
            "rotation": {
                "angle": -22.5,
                "axis": "y",
                "origin": [
                    7.5,
                    16.975,
                    7.2685
                ]
            },
            "faces": {
                "north": {
                    "uv": [
                        10.625,
                        11,
                        10.375,
                        12
                    ],
                    "texture": "#5"
                },
                "east": {
                    "uv": [
                        10.625,
                        8,
                        10.25,
                        9
                    ],
                    "texture": "#5"
                },
                "south": {
                    "uv": [
                        10.875,
                        11,
                        10.625,
                        12
                    ],
                    "texture": "#5"
                },
                "west": {
                    "uv": [
                        10.375,
                        10,
                        10,
                        11
                    ],
                    "texture": "#5"
                },
                "up": {
                    "uv": [
                        11.625,
                        12.125,
                        11.875,
                        11.75
                    ],
                    "texture": "#5"
                },
                "down": {
                    "uv": [
                        11.875,
                        9.5,
                        12.125,
                        9.875
                    ],
                    "texture": "#5"
                }
            }
        },
        {
            "from": [
                3.12771,
                13.05,
                6.83465
            ],
            "to": [
                5.12771,
                20.95,
                9.83465
            ],
            "rotation": {
                "angle": 22.5,
                "axis": "y",
                "origin": [
                    7.5,
                    17.025,
                    9.7315
                ]
            },
            "faces": {
                "north": {
                    "uv": [
                        11.375,
                        11,
                        11.125,
                        12
                    ],
                    "texture": "#5"
                },
                "east": {
                    "uv": [
                        11,
                        9,
                        10.625,
                        10
                    ],
                    "texture": "#5"
                },
                "south": {
                    "uv": [
                        11.5,
                        8,
                        11.25,
                        9
                    ],
                    "texture": "#5"
                },
                "west": {
                    "uv": [
                        11,
                        8,
                        10.625,
                        9
                    ],
                    "texture": "#5"
                },
                "up": {
                    "uv": [
                        11.875,
                        11,
                        12.125,
                        10.625
                    ],
                    "texture": "#5"
                },
                "down": {
                    "uv": [
                        11.875,
                        11,
                        12.125,
                        11.375
                    ],
                    "texture": "#5"
                }
            }
        },
        {
            "from": [
                4.25,
                12.9,
                6.5
            ],
            "to": [
                6.5,
                21,
                10.25
            ],
            "rotation": {
                "angle": 0,
                "axis": "y",
                "origin": [
                    16,
                    0,
                    0
                ]
            },
            "faces": {
                "north": {
                    "uv": [
                        9.625,
                        11,
                        9.375,
                        12
                    ],
                    "texture": "#5"
                },
                "east": {
                    "uv": [
                        10,
                        10,
                        9.5,
                        11
                    ],
                    "texture": "#5"
                },
                "south": {
                    "uv": [
                        9.875,
                        11,
                        9.625,
                        12
                    ],
                    "texture": "#5"
                },
                "west": {
                    "uv": [
                        9.5,
                        10,
                        9,
                        11
                    ],
                    "texture": "#5"
                },
                "up": {
                    "uv": [
                        11.75,
                        9.5,
                        12,
                        9
                    ],
                    "texture": "#5"
                },
                "down": {
                    "uv": [
                        11.375,
                        11.75,
                        11.625,
                        12.25
                    ],
                    "texture": "#5"
                }
            }
        },
        {
            "name": "stick_0",
            "from": [
                0.75,
                12.25,
                8
            ],
            "to": [
                2.75,
                14.25,
                9
            ],
            "rotation": {
                "angle": -45,
                "axis": "z",
                "origin": [
                    7.25,
                    7.5,
                    8.5
                ]
            },
            "faces": {
                "north": {
                    "uv": [
                        7.5,
                        1,
                        6.5,
                        2
                    ],
                    "rotation": 90,
                    "texture": "#5"
                },
                "east": {
                    "uv": [
                        6.5,
                        1.5,
                        7.5,
                        2
                    ],
                    "rotation": 270,
                    "texture": "#5"
                },
                "south": {
                    "uv": [
                        6.5,
                        1,
                        7.5,
                        2
                    ],
                    "rotation": 270,
                    "texture": "#5"
                },
                "west": {
                    "uv": [
                        6.5,
                        1,
                        7.5,
                        1.5
                    ],
                    "rotation": 270,
                    "texture": "#5"
                },
                "up": {
                    "uv": [
                        7,
                        1,
                        7.5,
                        2
                    ],
                    "rotation": 270,
                    "texture": "#5"
                },
                "down": {
                    "uv": [
                        6.5,
                        1,
                        7,
                        2
                    ],
                    "rotation": 270,
                    "texture": "#5"
                }
            }
        },
        {
            "name": "stick_1",
            "from": [
                1.75,
                11.25,
                8
            ],
            "to": [
                4.75,
                12.25,
                9
            ],
            "rotation": {
                "angle": -45,
                "axis": "z",
                "origin": [
                    7.25,
                    7.5,
                    8.5
                ]
            },
            "faces": {
                "north": {
                    "uv": [
                        6.5,
                        1.5,
                        6,
                        3
                    ],
                    "rotation": 90,
                    "texture": "#5"
                },
                "east": {
                    "uv": [
                        6,
                        2.5,
                        6.5,
                        3
                    ],
                    "rotation": 270,
                    "texture": "#5"
                },
                "south": {
                    "uv": [
                        6,
                        1.5,
                        6.5,
                        3
                    ],
                    "rotation": 270,
                    "texture": "#5"
                },
                "west": {
                    "uv": [
                        6,
                        1.5,
                        6.5,
                        2
                    ],
                    "rotation": 270,
                    "texture": "#5"
                },
                "up": {
                    "uv": [
                        6,
                        1.5,
                        6.5,
                        3
                    ],
                    "rotation": 270,
                    "texture": "#5"
                },
                "down": {
                    "uv": [
                        6,
                        1.5,
                        6.5,
                        3
                    ],
                    "rotation": 270,
                    "texture": "#5"
                }
            }
        },
        {
            "name": "stick_2",
            "from": [
                2.75,
                10.25,
                8
            ],
            "to": [
                5.75,
                11.25,
                9
            ],
            "rotation": {
                "angle": -45,
                "axis": "z",
                "origin": [
                    7.25,
                    7.5,
                    8.5
                ]
            },
            "faces": {
                "north": {
                    "uv": [
                        6,
                        2,
                        5.5,
                        3.5
                    ],
                    "rotation": 90,
                    "texture": "#5"
                },
                "east": {
                    "uv": [
                        5.5,
                        3,
                        6,
                        3.5
                    ],
                    "rotation": 270,
                    "texture": "#5"
                },
                "south": {
                    "uv": [
                        5.5,
                        2,
                        6,
                        3.5
                    ],
                    "rotation": 270,
                    "texture": "#5"
                },
                "west": {
                    "uv": [
                        5.5,
                        2,
                        6,
                        2.5
                    ],
                    "rotation": 270,
                    "texture": "#5"
                },
                "up": {
                    "uv": [
                        5.5,
                        2,
                        6,
                        3.5
                    ],
                    "rotation": 270,
                    "texture": "#5"
                },
                "down": {
                    "uv": [
                        5.5,
                        2,
                        6,
                        3.5
                    ],
                    "rotation": 270,
                    "texture": "#5"
                }
            }
        },
        {
            "name": "stick_3",
            "from": [
                2.75,
                12.25,
                8
            ],
            "to": [
                3.75,
                13.25,
                9
            ],
            "rotation": {
                "angle": -45,
                "axis": "z",
                "origin": [
                    7.25,
                    7.5,
                    8.5
                ]
            },
            "faces": {
                "north": {
                    "uv": [
                        7,
                        2,
                        6.5,
                        2.5
                    ],
                    "rotation": 90,
                    "texture": "#5"
                },
                "east": {
                    "uv": [
                        6.5,
                        2,
                        7,
                        2.5
                    ],
                    "rotation": 270,
                    "texture": "#5"
                },
                "south": {
                    "uv": [
                        6.5,
                        2,
                        7,
                        2.5
                    ],
                    "rotation": 270,
                    "texture": "#5"
                },
                "west": {
                    "uv": [
                        6.5,
                        2,
                        7,
                        2.5
                    ],
                    "rotation": 270,
                    "texture": "#5"
                },
                "up": {
                    "uv": [
                        6.5,
                        2,
                        7,
                        2.5
                    ],
                    "rotation": 270,
                    "texture": "#5"
                },
                "down": {
                    "uv": [
                        6.5,
                        2,
                        7,
                        2.5
                    ],
                    "rotation": 270,
                    "texture": "#5"
                }
            }
        },
        {
            "name": "stick_4",
            "from": [
                3.75,
                9.25,
                8
            ],
            "to": [
                6.75,
                10.25,
                9
            ],
            "rotation": {
                "angle": -45,
                "axis": "z",
                "origin": [
                    7.25,
                    7.5,
                    8.5
                ]
            },
            "faces": {
                "north": {
                    "uv": [
                        5.5,
                        2.5,
                        5,
                        4
                    ],
                    "rotation": 90,
                    "texture": "#5"
                },
                "east": {
                    "uv": [
                        5,
                        3.5,
                        5.5,
                        4
                    ],
                    "rotation": 270,
                    "texture": "#5"
                },
                "south": {
                    "uv": [
                        5,
                        2.5,
                        5.5,
                        4
                    ],
                    "rotation": 270,
                    "texture": "#5"
                },
                "west": {
                    "uv": [
                        5,
                        2.5,
                        5.5,
                        3
                    ],
                    "rotation": 270,
                    "texture": "#5"
                },
                "up": {
                    "uv": [
                        5,
                        2.5,
                        5.5,
                        4
                    ],
                    "rotation": 270,
                    "texture": "#5"
                },
                "down": {
                    "uv": [
                        5,
                        2.5,
                        5.5,
                        4
                    ],
                    "rotation": 270,
                    "texture": "#5"
                }
            }
        },
        {
            "name": "stick_5",
            "from": [
                4.75,
                8.25,
                8
            ],
            "to": [
                7.75,
                9.25,
                9
            ],
            "rotation": {
                "angle": -45,
                "axis": "z",
                "origin": [
                    7.25,
                    7.5,
                    8.5
                ]
            },
            "faces": {
                "north": {
                    "uv": [
                        5,
                        3,
                        4.5,
                        4.5
                    ],
                    "rotation": 90,
                    "texture": "#5"
                },
                "east": {
                    "uv": [
                        4.5,
                        4,
                        5,
                        4.5
                    ],
                    "rotation": 270,
                    "texture": "#5"
                },
                "south": {
                    "uv": [
                        4.5,
                        3,
                        5,
                        4.5
                    ],
                    "rotation": 270,
                    "texture": "#5"
                },
                "west": {
                    "uv": [
                        4.5,
                        3,
                        5,
                        3.5
                    ],
                    "rotation": 270,
                    "texture": "#5"
                },
                "up": {
                    "uv": [
                        4.5,
                        3,
                        5,
                        4.5
                    ],
                    "rotation": 270,
                    "texture": "#5"
                },
                "down": {
                    "uv": [
                        4.5,
                        3,
                        5,
                        4.5
                    ],
                    "rotation": 270,
                    "texture": "#5"
                }
            }
        },
        {
            "name": "stick_6",
            "from": [
                5.75,
                7.25,
                8
            ],
            "to": [
                8.75,
                8.25,
                9
            ],
            "rotation": {
                "angle": -45,
                "axis": "z",
                "origin": [
                    7.25,
                    7.5,
                    8.5
                ]
            },
            "faces": {
                "north": {
                    "uv": [
                        4.5,
                        3.5,
                        4,
                        5
                    ],
                    "rotation": 90,
                    "texture": "#5"
                },
                "east": {
                    "uv": [
                        4,
                        4.5,
                        4.5,
                        5
                    ],
                    "rotation": 270,
                    "texture": "#5"
                },
                "south": {
                    "uv": [
                        4,
                        3.5,
                        4.5,
                        5
                    ],
                    "rotation": 270,
                    "texture": "#5"
                },
                "west": {
                    "uv": [
                        4,
                        3.5,
                        4.5,
                        4
                    ],
                    "rotation": 270,
                    "texture": "#5"
                },
                "up": {
                    "uv": [
                        4,
                        3.5,
                        4.5,
                        5
                    ],
                    "rotation": 270,
                    "texture": "#5"
                },
                "down": {
                    "uv": [
                        4,
                        3.5,
                        4.5,
                        5
                    ],
                    "rotation": 270,
                    "texture": "#5"
                }
            }
        },
        {
            "name": "stick_7",
            "from": [
                6.75,
                6.25,
                8
            ],
            "to": [
                9.75,
                7.25,
                9
            ],
            "rotation": {
                "angle": -45,
                "axis": "z",
                "origin": [
                    7.25,
                    7.5,
                    8.5
                ]
            },
            "faces": {
                "north": {
                    "uv": [
                        4,
                        4,
                        3.5,
                        5.5
                    ],
                    "rotation": 90,
                    "texture": "#5"
                },
                "east": {
                    "uv": [
                        3.5,
                        5,
                        4,
                        5.5
                    ],
                    "rotation": 270,
                    "texture": "#5"
                },
                "south": {
                    "uv": [
                        3.5,
                        4,
                        4,
                        5.5
                    ],
                    "rotation": 270,
                    "texture": "#5"
                },
                "west": {
                    "uv": [
                        3.5,
                        4,
                        4,
                        4.5
                    ],
                    "rotation": 270,
                    "texture": "#5"
                },
                "up": {
                    "uv": [
                        3.5,
                        4,
                        4,
                        5.5
                    ],
                    "rotation": 270,
                    "texture": "#5"
                },
                "down": {
                    "uv": [
                        3.5,
                        4,
                        4,
                        5.5
                    ],
                    "rotation": 270,
                    "texture": "#5"
                }
            }
        },
        {
            "name": "stick_8",
            "from": [
                7.75,
                5.25,
                8
            ],
            "to": [
                10.75,
                6.25,
                9
            ],
            "rotation": {
                "angle": -45,
                "axis": "z",
                "origin": [
                    7.25,
                    7.5,
                    8.5
                ]
            },
            "faces": {
                "north": {
                    "uv": [
                        3.5,
                        4.5,
                        3,
                        6
                    ],
                    "rotation": 90,
                    "texture": "#5"
                },
                "east": {
                    "uv": [
                        3,
                        5.5,
                        3.5,
                        6
                    ],
                    "rotation": 270,
                    "texture": "#5"
                },
                "south": {
                    "uv": [
                        3,
                        4.5,
                        3.5,
                        6
                    ],
                    "rotation": 270,
                    "texture": "#5"
                },
                "west": {
                    "uv": [
                        3,
                        4.5,
                        3.5,
                        5
                    ],
                    "rotation": 270,
                    "texture": "#5"
                },
                "up": {
                    "uv": [
                        3,
                        4.5,
                        3.5,
                        6
                    ],
                    "rotation": 270,
                    "texture": "#5"
                },
                "down": {
                    "uv": [
                        3,
                        4.5,
                        3.5,
                        6
                    ],
                    "rotation": 270,
                    "texture": "#5"
                }
            }
        },
        {
            "name": "stick_9",
            "from": [
                8.75,
                4.25,
                8
            ],
            "to": [
                11.75,
                5.25,
                9
            ],
            "rotation": {
                "angle": -45,
                "axis": "z",
                "origin": [
                    7.25,
                    7.5,
                    8.5
                ]
            },
            "faces": {
                "north": {
                    "uv": [
                        3,
                        5,
                        2.5,
                        6.5
                    ],
                    "rotation": 90,
                    "texture": "#5"
                },
                "east": {
                    "uv": [
                        2.5,
                        6,
                        3,
                        6.5
                    ],
                    "rotation": 270,
                    "texture": "#5"
                },
                "south": {
                    "uv": [
                        2.5,
                        5,
                        3,
                        6.5
                    ],
                    "rotation": 270,
                    "texture": "#5"
                },
                "west": {
                    "uv": [
                        2.5,
                        5,
                        3,
                        5.5
                    ],
                    "rotation": 270,
                    "texture": "#5"
                },
                "up": {
                    "uv": [
                        2.5,
                        5,
                        3,
                        6.5
                    ],
                    "rotation": 270,
                    "texture": "#5"
                },
                "down": {
                    "uv": [
                        2.5,
                        5,
                        3,
                        6.5
                    ],
                    "rotation": 270,
                    "texture": "#5"
                }
            }
        },
        {
            "name": "stick_10",
            "from": [
                9.75,
                3.25,
                8
            ],
            "to": [
                12.75,
                4.25,
                9
            ],
            "rotation": {
                "angle": -45,
                "axis": "z",
                "origin": [
                    7.25,
                    7.5,
                    8.5
                ]
            },
            "faces": {
                "north": {
                    "uv": [
                        2.5,
                        5.5,
                        2,
                        7
                    ],
                    "rotation": 90,
                    "texture": "#5"
                },
                "east": {
                    "uv": [
                        2,
                        6.5,
                        2.5,
                        7
                    ],
                    "rotation": 270,
                    "texture": "#5"
                },
                "south": {
                    "uv": [
                        2,
                        5.5,
                        2.5,
                        7
                    ],
                    "rotation": 270,
                    "texture": "#5"
                },
                "west": {
                    "uv": [
                        2,
                        5.5,
                        2.5,
                        6
                    ],
                    "rotation": 270,
                    "texture": "#5"
                },
                "up": {
                    "uv": [
                        2,
                        5.5,
                        2.5,
                        7
                    ],
                    "rotation": 270,
                    "texture": "#5"
                },
                "down": {
                    "uv": [
                        2,
                        5.5,
                        2.5,
                        7
                    ],
                    "rotation": 270,
                    "texture": "#5"
                }
            }
        },
        {
            "name": "stick_11",
            "from": [
                10.75,
                2.25,
                8
            ],
            "to": [
                13.75,
                3.25,
                9
            ],
            "rotation": {
                "angle": -45,
                "axis": "z",
                "origin": [
                    7.25,
                    7.5,
                    8.5
                ]
            },
            "faces": {
                "north": {
                    "uv": [
                        2,
                        6,
                        1.5,
                        7.5
                    ],
                    "rotation": 90,
                    "texture": "#5"
                },
                "east": {
                    "uv": [
                        1.5,
                        7,
                        2,
                        7.5
                    ],
                    "rotation": 270,
                    "texture": "#5"
                },
                "south": {
                    "uv": [
                        1.5,
                        6,
                        2,
                        7.5
                    ],
                    "rotation": 270,
                    "texture": "#5"
                },
                "west": {
                    "uv": [
                        1.5,
                        6,
                        2,
                        6.5
                    ],
                    "rotation": 270,
                    "texture": "#5"
                },
                "up": {
                    "uv": [
                        1.5,
                        6,
                        2,
                        7.5
                    ],
                    "rotation": 270,
                    "texture": "#5"
                },
                "down": {
                    "uv": [
                        1.5,
                        6,
                        2,
                        7.5
                    ],
                    "rotation": 270,
                    "texture": "#5"
                }
            }
        },
        {
            "name": "stick_12",
            "from": [
                11.75,
                1.25,
                8
            ],
            "to": [
                13.75,
                2.25,
                9
            ],
            "rotation": {
                "angle": -45,
                "axis": "z",
                "origin": [
                    7.25,
                    7.5,
                    8.5
                ]
            },
            "faces": {
                "north": {
                    "uv": [
                        1.5,
                        6.5,
                        1,
                        7.5
                    ],
                    "rotation": 90,
                    "texture": "#5"
                },
                "east": {
                    "uv": [
                        1,
                        7,
                        1.5,
                        7.5
                    ],
                    "rotation": 270,
                    "texture": "#5"
                },
                "south": {
                    "uv": [
                        1,
                        6.5,
                        1.5,
                        7.5
                    ],
                    "rotation": 270,
                    "texture": "#5"
                },
                "west": {
                    "uv": [
                        1,
                        6.5,
                        1.5,
                        7
                    ],
                    "rotation": 270,
                    "texture": "#5"
                },
                "up": {
                    "uv": [
                        1,
                        6.5,
                        1.5,
                        7.5
                    ],
                    "rotation": 270,
                    "texture": "#5"
                },
                "down": {
                    "uv": [
                        1,
                        6.5,
                        1.5,
                        7.5
                    ],
                    "rotation": 270,
                    "texture": "#5"
                }
            }
        },
        {
            "from": [
                4.88388,
                -1.64429,
                7
            ],
            "to": [
                8.88388,
                2.35571,
                10
            ],
            "rotation": {
                "angle": 45,
                "axis": "z",
                "origin": [
                    8.13388,
                    0.60571,
                    7
                ]
            },
            "faces": {
                "north": {
                    "uv": [
                        8,
                        0,
                        10,
                        2
                    ],
                    "texture": "#5"
                },
                "east": {
                    "uv": [
                        10,
                        0,
                        11.5,
                        2
                    ],
                    "texture": "#5"
                },
                "south": {
                    "uv": [
                        8,
                        2,
                        10,
                        4
                    ],
                    "texture": "#5"
                },
                "west": {
                    "uv": [
                        10,
                        2,
                        11.5,
                        4
                    ],
                    "texture": "#5"
                },
                "up": {
                    "uv": [
                        13.5,
                        1.5,
                        11.5,
                        0
                    ],
                    "texture": "#5"
                },
                "down": {
                    "uv": [
                        13.5,
                        1.5,
                        11.5,
                        3
                    ],
                    "texture": "#5"
                }
            }
        },
        {
            "from": [
                6.2,
                20.5,
                8
            ],
            "to": [
                8.2,
                22.5,
                9
            ],
            "shade": false,
            "rotation": {
                "angle": 45,
                "axis": "z",
                "origin": [
                    7,
                    22,
                    8
                ]
            },
            "faces": {
                "north": {
                    "uv": [
                        6,
                        11,
                        8,
                        13
                    ],
                    "texture": "#2"
                },
                "east": {
                    "uv": [
                        5,
                        11,
                        6,
                        13
                    ],
                    "texture": "#2"
                },
                "south": {
                    "uv": [
                        9,
                        11,
                        11,
                        13
                    ],
                    "texture": "#2"
                },
                "west": {
                    "uv": [
                        8,
                        11,
                        9,
                        13
                    ],
                    "texture": "#2"
                },
                "up": {
                    "uv": [
                        8,
                        11,
                        6,
                        10
                    ],
                    "texture": "#2"
                },
                "down": {
                    "uv": [
                        10,
                        10,
                        8,
                        11
                    ],
                    "texture": "#2"
                }
            }
        }
    ],
    "display": {
        "thirdperson_righthand": {
            "rotation": [
                0,
                -90,
                0
            ],
            "translation": [
                0,
                1.75,
                0.5
            ],
            "scale": [
                0.85,
                0.85,
                0.85
            ]
        },
        "thirdperson_lefthand": {
            "rotation": [
                0,
                90,
                0
            ],
            "translation": [
                0,
                1.25,
                0.5
            ],
            "scale": [
                0.85,
                0.85,
                0.85
            ]
        },
        "firstperson_righthand": {
            "rotation": [
                -17,
                -90,
                0
            ],
            "translation": [
                2.63,
                0.7,
                1.13
            ],
            "scale": [
                0.57453,
                0.57453,
                0.57453
            ]
        },
        "firstperson_lefthand": {
            "rotation": [
                -16,
                -90,
                -3
            ],
            "translation": [
                1.75,
                1.25,
                1.13
            ],
            "scale": [
                0.57453,
                0.57453,
                0.57453
            ]
        },
        "ground": {
            "rotation": [
                62,
                -48,
                0
            ],
            "translation": [
                0,
                3,
                0
            ],
            "scale": [
                0.75,
                0.75,
                0.75
            ]
        },
        "gui": {
            "rotation": [
                -180,
                -39.25,
                134.5
            ],
            "translation": [
                0.75,
                -2.25,
                0
            ],
            "scale": [
                0.625,
                0.625,
                0.625
            ]
        },
        "head": {
            "rotation": [
                -75,
                34,
                64
            ],
            "translation": [
                0,
                12,
                0
            ]
        },
        "fixed": {
            "rotation": [
                7,
                15,
                -40
            ],
            "translation": [
                -1,
                -1.25,
                -1.75
            ],
            "scale": [
                0.75,
                0.75,
                0.75
            ]
        }
    },
    "groups": [
        {
            "name": "mace",
            "origin": [
                8,
                8,
                8
            ],
            "color": 0,
            "children": [
                0,
                1,
                2,
                3,
                4,
                5,
                6,
                7,
                8
            ]
        },
        {
            "name": "stick",
            "origin": [
                8,
                8,
                8
            ],
            "color": 0,
            "children": [
                9,
                10,
                11,
                12,
                13,
                14,
                15,
                16,
                17,
                18,
                19,
                20,
                21,
                22
            ]
        },
        23
    ]
}