{
    "credit": "Made with Blockbench",
    "textures": {
        "0": "gc:item/custom/wuwhee"
    },
    "elements": [
        {
            "from": [
                5,
                3,
                6
            ],
            "to": [
                11,
                11,
                12
            ],
            "rotation": {
                "angle": 0,
                "axis": "y",
                "origin": [
                    8,
                    9.5,
                    9.25
                ]
            },
            "faces": {
                "north": {
                    "uv": [
                        2,
                        0,
                        3.5,
                        2
                    ],
                    "texture": "#0"
                },
                "east": {
                    "uv": [
                        2,
                        2,
                        3.5,
                        4
                    ],
                    "texture": "#0"
                },
                "south": {
                    "uv": [
                        0,
                        3.5,
                        1.5,
                        5.5
                    ],
                    "texture": "#0"
                },
                "west": {
                    "uv": [
                        3.5,
                        0,
                        5,
                        2
                    ],
                    "texture": "#0"
                },
                "up": {
                    "uv": [
                        4.5,
                        6.5,
                        3,
                        5
                    ],
                    "texture": "#0"
                },
                "down": {
                    "uv": [
                        6,
                        5,
                        4.5,
                        6.5
                    ],
                    "texture": "#0"
                }
            }
        },
        {
            "from": [
                4,
                11,
                6
            ],
            "to": [
                12,
                18,
                12
            ],
            "rotation": {
                "angle": 0,
                "axis": "y",
                "origin": [
                    8,
                    14.5,
                    9
                ]
            },
            "faces": {
                "north": {
                    "uv": [
                        0,
                        0,
                        2,
                        1.75
                    ],
                    "texture": "#0"
                },
                "east": {
                    "uv": [
                        1.5,
                        4,
                        3,
                        5.75
                    ],
                    "texture": "#0"
                },
                "south": {
                    "uv": [
                        0,
                        1.75,
                        2,
                        3.5
                    ],
                    "texture": "#0"
                },
                "west": {
                    "uv": [
                        5,
                        0,
                        6.5,
                        1.75
                    ],
                    "texture": "#0"
                },
                "up": {
                    "uv": [
                        5.5,
                        3.5,
                        3.5,
                        2
                    ],
                    "texture": "#0"
                },
                "down": {
                    "uv": [
                        5.5,
                        3.5,
                        3.5,
                        5
                    ],
                    "texture": "#0"
                }
            }
        },
        {
            "from": [
                5,
                11,
                5
            ],
            "to": [
                11,
                12,
                6
            ],
            "rotation": {
                "angle": 0,
                "axis": "y",
                "origin": [
                    8,
                    9.5,
                    9.25
                ]
            },
            "faces": {
                "north": {
                    "uv": [
                        8.5,
                        0,
                        10,
                        0.25
                    ],
                    "texture": "#0"
                },
                "east": {
                    "uv": [
                        5.5,
                        4.75,
                        5.75,
                        5
                    ],
                    "texture": "#0"
                },
                "south": {
                    "uv": [
                        8.5,
                        0.25,
                        10,
                        0.5
                    ],
                    "texture": "#0"
                },
                "west": {
                    "uv": [
                        5.75,
                        4.75,
                        6,
                        5
                    ],
                    "texture": "#0"
                },
                "up": {
                    "uv": [
                        10,
                        0.75,
                        8.5,
                        0.5
                    ],
                    "texture": "#0"
                },
                "down": {
                    "uv": [
                        10,
                        0.75,
                        8.5,
                        1
                    ],
                    "texture": "#0"
                }
            }
        },
        {
            "from": [
                4,
                11,
                5
            ],
            "to": [
                5,
                18,
                6
            ],
            "rotation": {
                "angle": 0,
                "axis": "z",
                "origin": [
                    8,
                    9.5,
                    9.25
                ]
            },
            "faces": {
                "north": {
                    "uv": [
                        6.5,
                        1.5,
                        8.25,
                        1.75
                    ],
                    "rotation": 90,
                    "texture": "#0"
                },
                "east": {
                    "uv": [
                        10,
                        7,
                        8.25,
                        7.25
                    ],
                    "rotation": 270,
                    "texture": "#0"
                },
                "south": {
                    "uv": [
                        8.25,
                        6.75,
                        10,
                        7
                    ],
                    "rotation": 270,
                    "texture": "#0"
                },
                "west": {
                    "uv": [
                        8.75,
                        8.5,
                        7,
                        8.25
                    ],
                    "rotation": 270,
                    "texture": "#0"
                },
                "up": {
                    "uv": [
                        5,
                        1.75,
                        5.25,
                        2
                    ],
                    "rotation": 270,
                    "texture": "#0"
                },
                "down": {
                    "uv": [
                        5.25,
                        1.75,
                        5.5,
                        2
                    ],
                    "rotation": 270,
                    "texture": "#0"
                }
            }
        },
        {
            "from": [
                11,
                11,
                5
            ],
            "to": [
                12,
                18,
                6
            ],
            "rotation": {
                "angle": 0,
                "axis": "z",
                "origin": [
                    8,
                    9.5,
                    9.25
                ]
            },
            "faces": {
                "north": {
                    "uv": [
                        8.25,
                        7.25,
                        10,
                        7.5
                    ],
                    "rotation": 270,
                    "texture": "#0"
                },
                "east": {
                    "uv": [
                        10,
                        8,
                        8.25,
                        7.75
                    ],
                    "rotation": 90,
                    "texture": "#0"
                },
                "south": {
                    "uv": [
                        8.25,
                        7.5,
                        10,
                        7.75
                    ],
                    "rotation": 90,
                    "texture": "#0"
                },
                "west": {
                    "uv": [
                        10,
                        8,
                        8.25,
                        8.25
                    ],
                    "rotation": 90,
                    "texture": "#0"
                },
                "up": {
                    "uv": [
                        4.75,
                        8.5,
                        5,
                        8.75
                    ],
                    "rotation": 90,
                    "texture": "#0"
                },
                "down": {
                    "uv": [
                        4.5,
                        8.5,
                        4.75,
                        8.75
                    ],
                    "rotation": 90,
                    "texture": "#0"
                }
            }
        },
        {
            "from": [
                5,
                17,
                5
            ],
            "to": [
                11,
                18,
                6
            ],
            "rotation": {
                "angle": 0,
                "axis": "y",
                "origin": [
                    8,
                    9.5,
                    9.25
                ]
            },
            "faces": {
                "north": {
                    "uv": [
                        8.5,
                        1,
                        10,
                        1.25
                    ],
                    "texture": "#0"
                },
                "east": {
                    "uv": [
                        5,
                        8.5,
                        5.25,
                        8.75
                    ],
                    "texture": "#0"
                },
                "south": {
                    "uv": [
                        8.5,
                        1.25,
                        10,
                        1.5
                    ],
                    "texture": "#0"
                },
                "west": {
                    "uv": [
                        0.5,
                        9,
                        0.75,
                        9.25
                    ],
                    "texture": "#0"
                },
                "up": {
                    "uv": [
                        3,
                        8.75,
                        1.5,
                        8.5
                    ],
                    "texture": "#0"
                },
                "down": {
                    "uv": [
                        4.5,
                        8.5,
                        3,
                        8.75
                    ],
                    "texture": "#0"
                }
            }
        },
        {
            "from": [
                5,
                12,
                12
            ],
            "to": [
                11,
                14,
                14
            ],
            "rotation": {
                "angle": 0,
                "axis": "y",
                "origin": [
                    8,
                    9.5,
                    9.25
                ]
            },
            "faces": {
                "north": {
                    "uv": [
                        6.75,
                        6.25,
                        8.25,
                        6.75
                    ],
                    "texture": "#0"
                },
                "east": {
                    "uv": [
                        1.5,
                        3.5,
                        2,
                        4
                    ],
                    "texture": "#0"
                },
                "south": {
                    "uv": [
                        6.75,
                        6.75,
                        8.25,
                        7.25
                    ],
                    "texture": "#0"
                },
                "west": {
                    "uv": [
                        3,
                        4,
                        3.5,
                        4.5
                    ],
                    "texture": "#0"
                },
                "up": {
                    "uv": [
                        8.25,
                        7.75,
                        6.75,
                        7.25
                    ],
                    "texture": "#0"
                },
                "down": {
                    "uv": [
                        8.25,
                        7.75,
                        6.75,
                        8.25
                    ],
                    "texture": "#0"
                }
            }
        },
        {
            "from": [
                6,
                14,
                12
            ],
            "to": [
                10,
                17,
                13
            ],
            "rotation": {
                "angle": 0,
                "axis": "y",
                "origin": [
                    8,
                    9.5,
                    9.25
                ]
            },
            "faces": {
                "north": {
                    "uv": [
                        8,
                        4.75,
                        9,
                        5.5
                    ],
                    "texture": "#0"
                },
                "east": {
                    "uv": [
                        0,
                        9,
                        0.25,
                        9.75
                    ],
                    "texture": "#0"
                },
                "south": {
                    "uv": [
                        8,
                        5.5,
                        9,
                        6.25
                    ],
                    "texture": "#0"
                },
                "west": {
                    "uv": [
                        0.25,
                        9,
                        0.5,
                        9.75
                    ],
                    "texture": "#0"
                },
                "up": {
                    "uv": [
                        8,
                        8.75,
                        7,
                        8.5
                    ],
                    "texture": "#0"
                },
                "down": {
                    "uv": [
                        9,
                        8.5,
                        8,
                        8.75
                    ],
                    "texture": "#0"
                }
            }
        },
        {
            "from": [
                6,
                11,
                12
            ],
            "to": [
                10,
                12,
                13
            ],
            "rotation": {
                "angle": 0,
                "axis": "y",
                "origin": [
                    8,
                    9.5,
                    9.25
                ]
            },
            "faces": {
                "north": {
                    "uv": [
                        1.5,
                        8.75,
                        2.5,
                        9
                    ],
                    "texture": "#0"
                },
                "east": {
                    "uv": [
                        0.75,
                        9,
                        1,
                        9.25
                    ],
                    "texture": "#0"
                },
                "south": {
                    "uv": [
                        2.5,
                        8.75,
                        3.5,
                        9
                    ],
                    "texture": "#0"
                },
                "west": {
                    "uv": [
                        1,
                        9,
                        1.25,
                        9.25
                    ],
                    "texture": "#0"
                },
                "up": {
                    "uv": [
                        4.5,
                        9,
                        3.5,
                        8.75
                    ],
                    "texture": "#0"
                },
                "down": {
                    "uv": [
                        5.5,
                        8.75,
                        4.5,
                        9
                    ],
                    "texture": "#0"
                }
            }
        },
        {
            "from": [
                6,
                9,
                12
            ],
            "to": [
                10,
                11,
                14
            ],
            "rotation": {
                "angle": 0,
                "axis": "y",
                "origin": [
                    8,
                    9.5,
                    9.25
                ]
            },
            "faces": {
                "north": {
                    "uv": [
                        8.25,
                        3.75,
                        9.25,
                        4.25
                    ],
                    "texture": "#0"
                },
                "east": {
                    "uv": [
                        3,
                        4.5,
                        3.5,
                        5
                    ],
                    "texture": "#0"
                },
                "south": {
                    "uv": [
                        8.25,
                        4.25,
                        9.25,
                        4.75
                    ],
                    "texture": "#0"
                },
                "west": {
                    "uv": [
                        5.5,
                        8.75,
                        6,
                        9.25
                    ],
                    "texture": "#0"
                },
                "up": {
                    "uv": [
                        7,
                        8.75,
                        6,
                        8.25
                    ],
                    "texture": "#0"
                },
                "down": {
                    "uv": [
                        9.25,
                        6.25,
                        8.25,
                        6.75
                    ],
                    "texture": "#0"
                }
            }
        },
        {
            "from": [
                6,
                8,
                12
            ],
            "to": [
                10,
                9,
                13
            ],
            "rotation": {
                "angle": 0,
                "axis": "y",
                "origin": [
                    8,
                    9.5,
                    9.25
                ]
            },
            "faces": {
                "north": {
                    "uv": [
                        6,
                        8.75,
                        7,
                        9
                    ],
                    "texture": "#0"
                },
                "east": {
                    "uv": [
                        1.25,
                        9,
                        1.5,
                        9.25
                    ],
                    "texture": "#0"
                },
                "south": {
                    "uv": [
                        7,
                        8.75,
                        8,
                        9
                    ],
                    "texture": "#0"
                },
                "west": {
                    "uv": [
                        1.5,
                        9,
                        1.75,
                        9.25
                    ],
                    "texture": "#0"
                },
                "up": {
                    "uv": [
                        9,
                        9,
                        8,
                        8.75
                    ],
                    "texture": "#0"
                },
                "down": {
                    "uv": [
                        9.75,
                        8.25,
                        8.75,
                        8.5
                    ],
                    "texture": "#0"
                }
            }
        },
        {
            "from": [
                5,
                10,
                12
            ],
            "to": [
                6,
                11,
                13
            ],
            "rotation": {
                "angle": 0,
                "axis": "y",
                "origin": [
                    8,
                    9.5,
                    9.25
                ]
            },
            "faces": {
                "north": {
                    "uv": [
                        9,
                        1.5,
                        9.25,
                        1.75
                    ],
                    "texture": "#0"
                },
                "east": {
                    "uv": [
                        1.75,
                        9,
                        2,
                        9.25
                    ],
                    "texture": "#0"
                },
                "south": {
                    "uv": [
                        9,
                        1.75,
                        9.25,
                        2
                    ],
                    "texture": "#0"
                },
                "west": {
                    "uv": [
                        2,
                        9,
                        2.25,
                        9.25
                    ],
                    "texture": "#0"
                },
                "up": {
                    "uv": [
                        9.25,
                        2.25,
                        9,
                        2
                    ],
                    "texture": "#0"
                },
                "down": {
                    "uv": [
                        2.5,
                        9,
                        2.25,
                        9.25
                    ],
                    "texture": "#0"
                }
            }
        },
        {
            "from": [
                10,
                10,
                12
            ],
            "to": [
                11,
                11,
                13
            ],
            "rotation": {
                "angle": 0,
                "axis": "y",
                "origin": [
                    8,
                    9.5,
                    9.25
                ]
            },
            "faces": {
                "north": {
                    "uv": [
                        9,
                        2.25,
                        9.25,
                        2.5
                    ],
                    "texture": "#0"
                },
                "east": {
                    "uv": [
                        2.5,
                        9,
                        2.75,
                        9.25
                    ],
                    "texture": "#0"
                },
                "south": {
                    "uv": [
                        9,
                        2.5,
                        9.25,
                        2.75
                    ],
                    "texture": "#0"
                },
                "west": {
                    "uv": [
                        2.75,
                        9,
                        3,
                        9.25
                    ],
                    "texture": "#0"
                },
                "up": {
                    "uv": [
                        9.25,
                        3,
                        9,
                        2.75
                    ],
                    "texture": "#0"
                },
                "down": {
                    "uv": [
                        3.25,
                        9,
                        3,
                        9.25
                    ],
                    "texture": "#0"
                }
            }
        },
        {
            "from": [
                2,
                7.44531,
                1.6068
            ],
            "to": [
                5,
                10.44531,
                9.6068
            ],
            "rotation": {
                "angle": -22.5,
                "axis": "x",
                "origin": [
                    8,
                    9.5,
                    9.25
                ]
            },
            "faces": {
                "north": {
                    "uv": [
                        5.25,
                        6.5,
                        6,
                        7.25
                    ],
                    "texture": "#0"
                },
                "east": {
                    "uv": [
                        6,
                        4.75,
                        8,
                        5.5
                    ],
                    "texture": "#0"
                },
                "south": {
                    "uv": [
                        5.25,
                        7.25,
                        6,
                        8
                    ],
                    "texture": "#0"
                },
                "west": {
                    "uv": [
                        6,
                        5.5,
                        8,
                        6.25
                    ],
                    "texture": "#0"
                },
                "up": {
                    "uv": [
                        6.75,
                        8.25,
                        6,
                        6.25
                    ],
                    "texture": "#0"
                },
                "down": {
                    "uv": [
                        3.75,
                        6.5,
                        3,
                        8.5
                    ],
                    "texture": "#0"
                }
            }
        },
        {
            "from": [
                11,
                7.44531,
                1.6068
            ],
            "to": [
                14,
                10.44531,
                9.6068
            ],
            "rotation": {
                "angle": -22.5,
                "axis": "x",
                "origin": [
                    8,
                    9.5,
                    9.25
                ]
            },
            "faces": {
                "north": {
                    "uv": [
                        5.25,
                        8,
                        6,
                        8.75
                    ],
                    "texture": "#0"
                },
                "east": {
                    "uv": [
                        6.5,
                        0,
                        8.5,
                        0.75
                    ],
                    "texture": "#0"
                },
                "south": {
                    "uv": [
                        0,
                        8.25,
                        0.75,
                        9
                    ],
                    "texture": "#0"
                },
                "west": {
                    "uv": [
                        6.5,
                        0.75,
                        8.5,
                        1.5
                    ],
                    "texture": "#0"
                },
                "up": {
                    "uv": [
                        4.5,
                        8.5,
                        3.75,
                        6.5
                    ],
                    "texture": "#0"
                },
                "down": {
                    "uv": [
                        5.25,
                        6.5,
                        4.5,
                        8.5
                    ],
                    "texture": "#0"
                }
            }
        },
        {
            "from": [
                4.7265,
                0,
                0.62612
            ],
            "to": [
                7.7265,
                3,
                11.62612
            ],
            "rotation": {
                "angle": 22.5,
                "axis": "y",
                "origin": [
                    8,
                    9.5,
                    9.25
                ]
            },
            "faces": {
                "north": {
                    "uv": [
                        0.75,
                        8.25,
                        1.5,
                        9
                    ],
                    "texture": "#0"
                },
                "east": {
                    "uv": [
                        5.5,
                        1.75,
                        8.25,
                        2.5
                    ],
                    "texture": "#0"
                },
                "south": {
                    "uv": [
                        8.25,
                        1.5,
                        9,
                        2.25
                    ],
                    "texture": "#0"
                },
                "west": {
                    "uv": [
                        5.5,
                        2.5,
                        8.25,
                        3.25
                    ],
                    "texture": "#0"
                },
                "up": {
                    "uv": [
                        0.75,
                        8.25,
                        0,
                        5.5
                    ],
                    "texture": "#0"
                },
                "down": {
                    "uv": [
                        1.5,
                        5.5,
                        0.75,
                        8.25
                    ],
                    "texture": "#0"
                }
            }
        },
        {
            "from": [
                8,
                0,
                1
            ],
            "to": [
                11,
                3,
                12
            ],
            "rotation": {
                "angle": 0,
                "axis": "y",
                "origin": [
                    8,
                    9.5,
                    9.25
                ]
            },
            "faces": {
                "north": {
                    "uv": [
                        8.25,
                        2.25,
                        9,
                        3
                    ],
                    "texture": "#0"
                },
                "east": {
                    "uv": [
                        5.5,
                        3.25,
                        8.25,
                        4
                    ],
                    "texture": "#0"
                },
                "south": {
                    "uv": [
                        8.25,
                        3,
                        9,
                        3.75
                    ],
                    "texture": "#0"
                },
                "west": {
                    "uv": [
                        5.5,
                        4,
                        8.25,
                        4.75
                    ],
                    "texture": "#0"
                },
                "up": {
                    "uv": [
                        2.25,
                        8.5,
                        1.5,
                        5.75
                    ],
                    "texture": "#0"
                },
                "down": {
                    "uv": [
                        3,
                        5.75,
                        2.25,
                        8.5
                    ],
                    "texture": "#0"
                }
            }
        }
    ],
    "display": {
        "thirdperson_righthand": {
            "rotation": [
                74,
                78,
                0
            ],
            "translation": [
                0,
                1.75,
                1.25
            ],
            "scale": [
                0.41,
                0.4,
                0.4
            ]
        },
        "thirdperson_lefthand": {
            "rotation": [
                74,
                78,
                0
            ],
            "translation": [
                0,
                1.75,
                1.25
            ],
            "scale": [
                0.41,
                0.4,
                0.4
            ]
        },
        "firstperson_righthand": {
            "rotation": [
                7,
                78,
                0
            ],
            "translation": [
                2.75,
                3,
                0.25
            ],
            "scale": [
                0.41,
                0.4,
                0.4
            ]
        },
        "firstperson_lefthand": {
            "rotation": [
                7,
                78,
                0
            ],
            "translation": [
                2.75,
                3,
                0.25
            ],
            "scale": [
                0.41,
                0.4,
                0.4
            ]
        },
        "gui": {
            "rotation": [
                15,
                171,
                0
            ],
            "translation": [
                0,
                -0.5,
                0
            ],
            "scale": [
                0.75,
                0.75,
                0.75
            ]
        },
        "head": {
            "rotation": [
                -4,
                8,
                0
            ],
            "translation": [
                -8.75,
                -1.75,
                -1.25
            ],
            "scale": [
                0.57,
                0.57,
                0.57
            ]
        }
    },
    "groups": [
        {
            "name": "group",
            "origin": [
                8,
                8,
                8
            ],
            "color": 0,
            "children": [
                0,
                1,
                2,
                3,
                4,
                5,
                6,
                7,
                8,
                9,
                10,
                11,
                12,
                13,
                14,
                15,
                16
            ]
        }
    ]
}