{
    "credit": "Made with Blockbench",
    "texture_size": [
        64,
        64
    ],
    "textures": {
        "0": "gc:item/custom/gold_medallion/wood",
        "2": "gc:item/custom/gold_medallion/ribbon",
        "3": "gc:item/custom/gold_medallion/plaque",
        "particle": "gc:item/custom/gold_medallion/wood"
    },
    "elements": [
        {
            "from": [
                7,
                0,
                4
            ],
            "to": [
                6,
                14,
                6
            ],
            "rotation": {
                "angle": 0,
                "axis": "y",
                "origin": [
                    7,
                    9,
                    3
                ]
            },
            "faces": {
                "north": {
                    "uv": [
                        0,
                        0,
                        0,
                        6.5
                    ],
                    "texture": "#2"
                },
                "east": {
                    "uv": [
                        0,
                        0,
                        0.5,
                        6.5
                    ],
                    "texture": "#2"
                },
                "south": {
                    "uv": [
                        0,
                        0,
                        0,
                        6.5
                    ],
                    "texture": "#2"
                },
                "west": {
                    "uv": [
                        0.5,
                        0,
                        1,
                        6.5
                    ],
                    "texture": "#2"
                },
                "up": {
                    "uv": [
                        0,
                        0.5,
                        0,
                        0
                    ],
                    "texture": "#2"
                },
                "down": {
                    "uv": [
                        0,
                        0,
                        0,
                        0.5
                    ],
                    "texture": "#2"
                }
            }
        },
        {
            "from": [
                7,
                1,
                6
            ],
            "to": [
                6,
                13,
                7
            ],
            "rotation": {
                "angle": 0,
                "axis": "y",
                "origin": [
                    7,
                    9,
                    5
                ]
            },
            "faces": {
                "north": {
                    "uv": [
                        0,
                        0,
                        0,
                        6
                    ],
                    "texture": "#2"
                },
                "east": {
                    "uv": [
                        2,
                        0,
                        2.5,
                        6
                    ],
                    "texture": "#2"
                },
                "south": {
                    "uv": [
                        0,
                        0,
                        0,
                        6
                    ],
                    "texture": "#2"
                },
                "west": {
                    "uv": [
                        2.5,
                        0,
                        3,
                        6
                    ],
                    "texture": "#2"
                },
                "up": {
                    "uv": [
                        0,
                        0.5,
                        0,
                        0
                    ],
                    "texture": "#2"
                },
                "down": {
                    "uv": [
                        0,
                        0,
                        0,
                        0.5
                    ],
                    "texture": "#2"
                }
            }
        },
        {
            "from": [
                7,
                2,
                7
            ],
            "to": [
                6,
                13,
                8
            ],
            "rotation": {
                "angle": 0,
                "axis": "y",
                "origin": [
                    7,
                    9,
                    6
                ]
            },
            "faces": {
                "north": {
                    "uv": [
                        0,
                        0,
                        0,
                        5.5
                    ],
                    "texture": "#2"
                },
                "east": {
                    "uv": [
                        4,
                        0,
                        4.5,
                        5.5
                    ],
                    "texture": "#2"
                },
                "south": {
                    "uv": [
                        0,
                        0,
                        0,
                        5.5
                    ],
                    "texture": "#2"
                },
                "west": {
                    "uv": [
                        4.5,
                        0,
                        5,
                        5.5
                    ],
                    "texture": "#2"
                },
                "up": {
                    "uv": [
                        0,
                        0.5,
                        0,
                        0
                    ],
                    "texture": "#2"
                },
                "down": {
                    "uv": [
                        0,
                        0,
                        0,
                        0.5
                    ],
                    "texture": "#2"
                }
            }
        },
        {
            "from": [
                7,
                0,
                11
            ],
            "to": [
                6,
                14,
                13
            ],
            "rotation": {
                "angle": 0,
                "axis": "y",
                "origin": [
                    7,
                    9,
                    10
                ]
            },
            "faces": {
                "north": {
                    "uv": [
                        0,
                        0,
                        0,
                        6.5
                    ],
                    "texture": "#2"
                },
                "east": {
                    "uv": [
                        1,
                        0,
                        1.5,
                        6.5
                    ],
                    "texture": "#2"
                },
                "south": {
                    "uv": [
                        0,
                        0,
                        0,
                        6.5
                    ],
                    "texture": "#2"
                },
                "west": {
                    "uv": [
                        1.5,
                        0,
                        2,
                        6.5
                    ],
                    "texture": "#2"
                },
                "up": {
                    "uv": [
                        0,
                        0.5,
                        0,
                        0
                    ],
                    "texture": "#2"
                },
                "down": {
                    "uv": [
                        0,
                        0,
                        0,
                        0.5
                    ],
                    "texture": "#2"
                }
            }
        },
        {
            "from": [
                7,
                1,
                10
            ],
            "to": [
                6,
                13,
                11
            ],
            "rotation": {
                "angle": 0,
                "axis": "y",
                "origin": [
                    7,
                    9,
                    9
                ]
            },
            "faces": {
                "north": {
                    "uv": [
                        0,
                        0,
                        0,
                        6
                    ],
                    "texture": "#2"
                },
                "east": {
                    "uv": [
                        3,
                        0,
                        3.5,
                        6
                    ],
                    "texture": "#2"
                },
                "south": {
                    "uv": [
                        0,
                        0,
                        0,
                        6
                    ],
                    "texture": "#2"
                },
                "west": {
                    "uv": [
                        3.5,
                        0,
                        4,
                        6
                    ],
                    "texture": "#2"
                },
                "up": {
                    "uv": [
                        0,
                        0.5,
                        0,
                        0
                    ],
                    "texture": "#2"
                },
                "down": {
                    "uv": [
                        0,
                        0,
                        0,
                        0.5
                    ],
                    "texture": "#2"
                }
            }
        },
        {
            "from": [
                7,
                2,
                9
            ],
            "to": [
                6,
                13,
                10
            ],
            "rotation": {
                "angle": 0,
                "axis": "y",
                "origin": [
                    7,
                    9,
                    8
                ]
            },
            "faces": {
                "north": {
                    "uv": [
                        0,
                        0,
                        0,
                        5.5
                    ],
                    "texture": "#2"
                },
                "east": {
                    "uv": [
                        5,
                        0,
                        5.5,
                        5.5
                    ],
                    "texture": "#2"
                },
                "south": {
                    "uv": [
                        0,
                        0,
                        0,
                        5.5
                    ],
                    "texture": "#2"
                },
                "west": {
                    "uv": [
                        5.5,
                        0,
                        6,
                        5.5
                    ],
                    "texture": "#2"
                },
                "up": {
                    "uv": [
                        0,
                        0.5,
                        0,
                        0
                    ],
                    "texture": "#2"
                },
                "down": {
                    "uv": [
                        0,
                        0,
                        0,
                        0.5
                    ],
                    "texture": "#2"
                }
            }
        },
        {
            "from": [
                7,
                3,
                8
            ],
            "to": [
                6,
                13,
                9
            ],
            "rotation": {
                "angle": 0,
                "axis": "y",
                "origin": [
                    7,
                    9,
                    7
                ]
            },
            "faces": {
                "north": {
                    "uv": [
                        0,
                        0,
                        0,
                        5
                    ],
                    "texture": "#2"
                },
                "east": {
                    "uv": [
                        4,
                        5.5,
                        4.5,
                        10.5
                    ],
                    "texture": "#2"
                },
                "south": {
                    "uv": [
                        0,
                        0,
                        0,
                        5
                    ],
                    "texture": "#2"
                },
                "west": {
                    "uv": [
                        4.5,
                        5.5,
                        5,
                        10.5
                    ],
                    "texture": "#2"
                },
                "up": {
                    "uv": [
                        0,
                        0.5,
                        0,
                        0
                    ],
                    "texture": "#2"
                },
                "down": {
                    "uv": [
                        0,
                        0,
                        0,
                        0.5
                    ],
                    "texture": "#2"
                }
            }
        },
        {
            "from": [
                8,
                28,
                0
            ],
            "to": [
                9,
                30,
                2
            ],
            "rotation": {
                "angle": 0,
                "axis": "y",
                "origin": [
                    8,
                    28,
                    0
                ]
            },
            "faces": {
                "north": {
                    "uv": [
                        6.75,
                        4.5,
                        7,
                        5
                    ],
                    "texture": "#3"
                },
                "east": {
                    "uv": [
                        5.25,
                        6.5,
                        5.75,
                        7
                    ],
                    "texture": "#3"
                },
                "south": {
                    "uv": [
                        6.75,
                        5,
                        7,
                        5.5
                    ],
                    "texture": "#3"
                },
                "west": {
                    "uv": [
                        6.75,
                        1,
                        7.25,
                        1.5
                    ],
                    "texture": "#3"
                },
                "up": {
                    "uv": [
                        7,
                        6,
                        6.75,
                        5.5
                    ],
                    "texture": "#3"
                },
                "down": {
                    "uv": [
                        7,
                        6,
                        6.75,
                        6.5
                    ],
                    "texture": "#3"
                }
            }
        },
        {
            "from": [
                8,
                13,
                0
            ],
            "to": [
                9,
                15,
                2
            ],
            "rotation": {
                "angle": 0,
                "axis": "y",
                "origin": [
                    8,
                    12,
                    0
                ]
            },
            "faces": {
                "north": {
                    "uv": [
                        6.75,
                        6.5,
                        7,
                        7
                    ],
                    "texture": "#3"
                },
                "east": {
                    "uv": [
                        6.75,
                        1.5,
                        7.25,
                        2
                    ],
                    "texture": "#3"
                },
                "south": {
                    "uv": [
                        7,
                        4.5,
                        7.25,
                        5
                    ],
                    "texture": "#3"
                },
                "west": {
                    "uv": [
                        6.75,
                        2,
                        7.25,
                        2.5
                    ],
                    "texture": "#3"
                },
                "up": {
                    "uv": [
                        7.25,
                        5.5,
                        7,
                        5
                    ],
                    "texture": "#3"
                },
                "down": {
                    "uv": [
                        5.5,
                        7,
                        5.25,
                        7.5
                    ],
                    "texture": "#3"
                }
            }
        },
        {
            "from": [
                8,
                13,
                15
            ],
            "to": [
                9,
                15,
                17
            ],
            "rotation": {
                "angle": 0,
                "axis": "y",
                "origin": [
                    8,
                    12,
                    16
                ]
            },
            "faces": {
                "north": {
                    "uv": [
                        5.5,
                        7,
                        5.75,
                        7.5
                    ],
                    "texture": "#3"
                },
                "east": {
                    "uv": [
                        6.75,
                        2.5,
                        7.25,
                        3
                    ],
                    "texture": "#3"
                },
                "south": {
                    "uv": [
                        7,
                        5.5,
                        7.25,
                        6
                    ],
                    "texture": "#3"
                },
                "west": {
                    "uv": [
                        6.75,
                        3,
                        7.25,
                        3.5
                    ],
                    "texture": "#3"
                },
                "up": {
                    "uv": [
                        6,
                        7.5,
                        5.75,
                        7
                    ],
                    "texture": "#3"
                },
                "down": {
                    "uv": [
                        7.25,
                        6,
                        7,
                        6.5
                    ],
                    "texture": "#3"
                }
            }
        },
        {
            "from": [
                8,
                28,
                15
            ],
            "to": [
                9,
                30,
                17
            ],
            "rotation": {
                "angle": 0,
                "axis": "y",
                "origin": [
                    8,
                    28,
                    16
                ]
            },
            "faces": {
                "north": {
                    "uv": [
                        7,
                        6.5,
                        7.25,
                        7
                    ],
                    "texture": "#3"
                },
                "east": {
                    "uv": [
                        6.75,
                        3.5,
                        7.25,
                        4
                    ],
                    "texture": "#3"
                },
                "south": {
                    "uv": [
                        6.75,
                        7,
                        7,
                        7.5
                    ],
                    "texture": "#3"
                },
                "west": {
                    "uv": [
                        6.75,
                        4,
                        7.25,
                        4.5
                    ],
                    "texture": "#3"
                },
                "up": {
                    "uv": [
                        7.25,
                        7.5,
                        7,
                        7
                    ],
                    "texture": "#3"
                },
                "down": {
                    "uv": [
                        7.5,
                        1,
                        7.25,
                        1.5
                    ],
                    "texture": "#3"
                }
            }
        },
        {
            "from": [
                6,
                13,
                0
            ],
            "to": [
                8,
                30,
                17
            ],
            "rotation": {
                "angle": 0,
                "axis": "y",
                "origin": [
                    9,
                    13,
                    -1
                ]
            },
            "faces": {
                "north": {
                    "uv": [
                        4.25,
                        0,
                        4.75,
                        4.25
                    ],
                    "texture": "#3"
                },
                "east": {
                    "uv": [
                        0,
                        0,
                        4.25,
                        4.25
                    ],
                    "texture": "#3"
                },
                "south": {
                    "uv": [
                        4.25,
                        4.25,
                        4.75,
                        8.5
                    ],
                    "texture": "#3"
                },
                "west": {
                    "uv": [
                        0,
                        4.25,
                        4.25,
                        8.5
                    ],
                    "texture": "#3"
                },
                "up": {
                    "uv": [
                        5.25,
                        4.25,
                        4.75,
                        0
                    ],
                    "texture": "#3"
                },
                "down": {
                    "uv": [
                        5.25,
                        4.25,
                        4.75,
                        8.5
                    ],
                    "texture": "#3"
                }
            }
        },
        {
            "from": [
                8,
                15,
                -1
            ],
            "to": [
                9,
                28,
                0
            ],
            "rotation": {
                "angle": 0,
                "axis": "y",
                "origin": [
                    8,
                    13,
                    -1
                ]
            },
            "faces": {
                "north": {
                    "uv": [
                        5.25,
                        0,
                        5.5,
                        3.25
                    ],
                    "texture": "#3"
                },
                "east": {
                    "uv": [
                        5.25,
                        3.25,
                        5.5,
                        6.5
                    ],
                    "texture": "#3"
                },
                "south": {
                    "uv": [
                        5.5,
                        0,
                        5.75,
                        3.25
                    ],
                    "texture": "#3"
                },
                "west": {
                    "uv": [
                        5.5,
                        3.25,
                        5.75,
                        6.5
                    ],
                    "texture": "#3"
                },
                "up": {
                    "uv": [
                        7.5,
                        1.75,
                        7.25,
                        1.5
                    ],
                    "texture": "#3"
                },
                "down": {
                    "uv": [
                        7.5,
                        1.75,
                        7.25,
                        2
                    ],
                    "texture": "#3"
                }
            }
        },
        {
            "from": [
                8,
                12,
                2
            ],
            "to": [
                9,
                13,
                15
            ],
            "rotation": {
                "angle": 0,
                "axis": "y",
                "origin": [
                    8,
                    11,
                    5
                ]
            },
            "faces": {
                "north": {
                    "uv": [
                        7.25,
                        2,
                        7.5,
                        2.25
                    ],
                    "texture": "#3"
                },
                "east": {
                    "uv": [
                        5.75,
                        0,
                        9,
                        0.25
                    ],
                    "texture": "#3"
                },
                "south": {
                    "uv": [
                        7.25,
                        2.25,
                        7.5,
                        2.5
                    ],
                    "texture": "#3"
                },
                "west": {
                    "uv": [
                        5.75,
                        0.25,
                        9,
                        0.5
                    ],
                    "texture": "#3"
                },
                "up": {
                    "uv": [
                        6,
                        3.75,
                        5.75,
                        0.5
                    ],
                    "texture": "#3"
                },
                "down": {
                    "uv": [
                        6,
                        3.75,
                        5.75,
                        7
                    ],
                    "texture": "#3"
                }
            }
        },
        {
            "from": [
                8,
                30,
                2
            ],
            "to": [
                9,
                31,
                15
            ],
            "rotation": {
                "angle": 0,
                "axis": "y",
                "origin": [
                    8,
                    24,
                    5
                ]
            },
            "faces": {
                "north": {
                    "uv": [
                        7.25,
                        2.5,
                        7.5,
                        2.75
                    ],
                    "texture": "#3"
                },
                "east": {
                    "uv": [
                        6,
                        0.5,
                        9.25,
                        0.75
                    ],
                    "texture": "#3"
                },
                "south": {
                    "uv": [
                        7.25,
                        2.75,
                        7.5,
                        3
                    ],
                    "texture": "#3"
                },
                "west": {
                    "uv": [
                        6,
                        0.75,
                        9.25,
                        1
                    ],
                    "texture": "#3"
                },
                "up": {
                    "uv": [
                        6.25,
                        4.25,
                        6,
                        1
                    ],
                    "texture": "#3"
                },
                "down": {
                    "uv": [
                        6.25,
                        4.25,
                        6,
                        7.5
                    ],
                    "texture": "#3"
                }
            }
        },
        {
            "from": [
                8,
                15,
                17
            ],
            "to": [
                9,
                28,
                18
            ],
            "rotation": {
                "angle": 0,
                "axis": "y",
                "origin": [
                    8,
                    13,
                    11
                ]
            },
            "faces": {
                "north": {
                    "uv": [
                        6.25,
                        1,
                        6.5,
                        4.25
                    ],
                    "texture": "#3"
                },
                "east": {
                    "uv": [
                        6.25,
                        4.25,
                        6.5,
                        7.5
                    ],
                    "texture": "#3"
                },
                "south": {
                    "uv": [
                        6.5,
                        1,
                        6.75,
                        4.25
                    ],
                    "texture": "#3"
                },
                "west": {
                    "uv": [
                        6.5,
                        4.25,
                        6.75,
                        7.5
                    ],
                    "texture": "#3"
                },
                "up": {
                    "uv": [
                        7.5,
                        3.25,
                        7.25,
                        3
                    ],
                    "texture": "#3"
                },
                "down": {
                    "uv": [
                        7.5,
                        3.25,
                        7.25,
                        3.5
                    ],
                    "texture": "#3"
                }
            }
        },
        {
            "from": [
                6,
                13,
                -2
            ],
            "to": [
                8,
                30,
                0
            ],
            "rotation": {
                "angle": 0,
                "axis": "y",
                "origin": [
                    6,
                    13,
                    -2
                ]
            },
            "faces": {
                "north": {
                    "uv": [
                        4,
                        2,
                        5,
                        7
                    ],
                    "texture": "#0"
                },
                "east": {
                    "uv": [
                        5,
                        2,
                        6,
                        7
                    ],
                    "texture": "#0"
                },
                "south": {
                    "uv": [
                        6,
                        2,
                        7,
                        7
                    ],
                    "texture": "#0"
                },
                "west": {
                    "uv": [
                        7,
                        0,
                        8,
                        5
                    ],
                    "texture": "#0"
                },
                "up": {
                    "uv": [
                        9,
                        2,
                        8,
                        1
                    ],
                    "texture": "#0"
                },
                "down": {
                    "uv": [
                        9,
                        2,
                        8,
                        3
                    ],
                    "texture": "#0"
                }
            }
        },
        {
            "from": [
                6,
                30,
                -3
            ],
            "to": [
                8,
                32,
                20
            ],
            "rotation": {
                "angle": 0,
                "axis": "y",
                "origin": [
                    6,
                    32,
                    7
                ]
            },
            "faces": {
                "north": {
                    "uv": [
                        8,
                        3,
                        9,
                        4
                    ],
                    "texture": "#0"
                },
                "east": {
                    "uv": [
                        0,
                        0,
                        6.5,
                        1
                    ],
                    "texture": "#0"
                },
                "south": {
                    "uv": [
                        8,
                        4,
                        9,
                        5
                    ],
                    "texture": "#0"
                },
                "west": {
                    "uv": [
                        0,
                        1,
                        6.5,
                        2
                    ],
                    "texture": "#0"
                },
                "up": {
                    "uv": [
                        1,
                        8.5,
                        0,
                        2
                    ],
                    "texture": "#0"
                },
                "down": {
                    "uv": [
                        2,
                        2,
                        1,
                        8.5
                    ],
                    "texture": "#0"
                }
            }
        },
        {
            "from": [
                6,
                11,
                -3
            ],
            "to": [
                8,
                13,
                20
            ],
            "rotation": {
                "angle": 0,
                "axis": "y",
                "origin": [
                    6,
                    14,
                    7
                ]
            },
            "faces": {
                "north": {
                    "uv": [
                        8,
                        7,
                        9,
                        7.5
                    ],
                    "texture": "#0"
                },
                "east": {
                    "uv": [
                        8,
                        0,
                        14.5,
                        0.5
                    ],
                    "texture": "#0"
                },
                "south": {
                    "uv": [
                        8,
                        7.5,
                        9,
                        8
                    ],
                    "texture": "#0"
                },
                "west": {
                    "uv": [
                        8,
                        0.5,
                        14.5,
                        1
                    ],
                    "texture": "#0"
                },
                "up": {
                    "uv": [
                        3,
                        8.5,
                        2,
                        2
                    ],
                    "texture": "#0"
                },
                "down": {
                    "uv": [
                        4,
                        2,
                        3,
                        8.5
                    ],
                    "texture": "#0"
                }
            }
        },
        {
            "from": [
                6,
                13,
                17
            ],
            "to": [
                8,
                30,
                19
            ],
            "rotation": {
                "angle": 0,
                "axis": "y",
                "origin": [
                    6,
                    20,
                    17
                ]
            },
            "faces": {
                "north": {
                    "uv": [
                        4,
                        7,
                        5,
                        12
                    ],
                    "texture": "#0"
                },
                "east": {
                    "uv": [
                        5,
                        7,
                        6,
                        12
                    ],
                    "texture": "#0"
                },
                "south": {
                    "uv": [
                        7,
                        5,
                        8,
                        10
                    ],
                    "texture": "#0"
                },
                "west": {
                    "uv": [
                        6,
                        7,
                        7,
                        12
                    ],
                    "texture": "#0"
                },
                "up": {
                    "uv": [
                        9,
                        6,
                        8,
                        5
                    ],
                    "texture": "#0"
                },
                "down": {
                    "uv": [
                        9,
                        6,
                        8,
                        7
                    ],
                    "texture": "#0"
                }
            }
        }
    ],
    "display": {
        "thirdperson_righthand": {
            "rotation": [
                93,
                90,
                -2
            ],
            "translation": [
                -0.5,
                0.5,
                6.75
            ],
            "scale": [
                0.13,
                0.13,
                0.13
            ]
        },
        "thirdperson_lefthand": {
            "rotation": [
                93,
                -88,
                8
            ],
            "translation": [
                0,
                0.75,
                7.25
            ],
            "scale": [
                0.13,
                0.13,
                0.13
            ]
        },
        "firstperson_righthand": {
            "rotation": [
                4,
                -180,
                34
            ],
            "translation": [
                1,
                0.5,
                0.5
            ],
            "scale": [
                0.2,
                0.2,
                0.2
            ]
        },
        "firstperson_lefthand": {
            "rotation": [
                3,
                0,
                -24
            ],
            "translation": [
                1.25,
                0.5,
                0.75
            ],
            "scale": [
                0.2,
                0.2,
                0.18
            ]
        },
        "ground": {
            "translation": [
                0,
                2,
                0
            ],
            "scale": [
                0.54,
                0.51,
                0.49
            ]
        },
        "gui": {
            "rotation": [
                0,
                -94,
                0
            ],
            "translation": [
                0,
                -5,
                -1.75
            ],
            "scale": [
                0.52,
                0.51,
                0.5
            ]
        },
        "head": {
            "rotation": [
                10,
                -90,
                100
            ],
            "translation": [
                0.25,
                7.5,
                6
            ],
            "scale": [
                0.48,
                0.48,
                0.48
            ]
        },
        "fixed": {
            "rotation": [
                0,
                91,
                0
            ],
            "translation": [
                -0.75,
                -17.5,
                -3.25
            ],
            "scale": [
                1.3,
                1.3,
                1.3
            ]
        }
    },
    "groups": [
        {
            "name": "group",
            "origin": [
                7,
                9,
                9
            ],
            "color": 0,
            "children": [
                {
                    "name": "group",
                    "origin": [
                        7,
                        9,
                        9
                    ],
                    "color": 0,
                    "children": [
                        0,
                        1,
                        2
                    ]
                },
                {
                    "name": "group",
                    "origin": [
                        7,
                        9,
                        9
                    ],
                    "color": 0,
                    "children": [
                        3,
                        4,
                        5,
                        6
                    ]
                }
            ]
        },
        {
            "name": "group",
            "origin": [
                8,
                11,
                5
            ],
            "color": 0,
            "children": [
                {
                    "name": "group",
                    "origin": [
                        8,
                        11,
                        5
                    ],
                    "color": 0,
                    "children": [
                        {
                            "name": "group",
                            "origin": [
                                8,
                                15,
                                10
                            ],
                            "color": 0,
                            "children": [
                                7,
                                8,
                                9,
                                10
                            ]
                        },
                        11,
                        12,
                        13,
                        14,
                        15
                    ]
                },
                {
                    "name": "group",
                    "origin": [
                        6,
                        11,
                        13
                    ],
                    "color": 0,
                    "children": [
                        16,
                        17,
                        18,
                        19
                    ]
                }
            ]
        }
    ]
}