{
    "credit": "Made with Blockbench",
    "texture_size": [
        64,
        64
    ],
    "textures": {
        "0": "gc:item/custom/hard_hat",
        "particle": "gc:item/custom/hard_hat"
    },
    "elements": [
        {
            "from": [
                3,
                0,
                2
            ],
            "to": [
                14,
                1,
                15
            ],
            "rotation": {
                "angle": 0,
                "axis": "y",
                "origin": [
                    5,
                    0,
                    4
                ]
            },
            "faces": {
                "north": {
                    "uv": [
                        6,
                        0,
                        8.75,
                        0.25
                    ],
                    "texture": "#0"
                },
                "east": {
                    "uv": [
                        6,
                        0,
                        9.25,
                        0.25
                    ],
                    "texture": "#0"
                },
                "south": {
                    "uv": [
                        6,
                        0,
                        8.75,
                        0.25
                    ],
                    "texture": "#0"
                },
                "west": {
                    "uv": [
                        6,
                        0,
                        9.25,
                        0.25
                    ],
                    "texture": "#0"
                },
                "up": {
                    "uv": [
                        2.75,
                        9,
                        0,
                        5.75
                    ],
                    "texture": "#0"
                },
                "down": {
                    "uv": [
                        2.75,
                        5.75,
                        0,
                        9
                    ],
                    "texture": "#0"
                }
            }
        },
        {
            "from": [
                4,
                1,
                3
            ],
            "to": [
                13,
                5,
                12
            ],
            "rotation": {
                "angle": 0,
                "axis": "y",
                "origin": [
                    4,
                    0,
                    12
                ]
            },
            "faces": {
                "north": {
                    "uv": [
                        0,
                        0,
                        2.25,
                        1
                    ],
                    "texture": "#0"
                },
                "east": {
                    "uv": [
                        5,
                        3.25,
                        2.75,
                        4.25
                    ],
                    "texture": "#0"
                },
                "south": {
                    "uv": [
                        0,
                        0,
                        2.25,
                        1
                    ],
                    "texture": "#0"
                },
                "west": {
                    "uv": [
                        2.75,
                        3.25,
                        5,
                        4.25
                    ],
                    "texture": "#0"
                },
                "up": {
                    "uv": [
                        0,
                        3,
                        2.25,
                        5.25
                    ],
                    "texture": "#0"
                },
                "down": {
                    "uv": [
                        0,
                        0,
                        2.25,
                        2.25
                    ],
                    "texture": "#0"
                }
            }
        },
        {
            "from": [
                7,
                1,
                2
            ],
            "to": [
                10,
                6,
                13
            ],
            "rotation": {
                "angle": 0,
                "axis": "y",
                "origin": [
                    7,
                    1,
                    11
                ]
            },
            "faces": {
                "north": {
                    "uv": [
                        4,
                        0,
                        4.75,
                        1.25
                    ],
                    "texture": "#0"
                },
                "east": {
                    "uv": [
                        3,
                        4.75,
                        5.75,
                        6
                    ],
                    "texture": "#0"
                },
                "south": {
                    "uv": [
                        4,
                        0,
                        4.75,
                        1.25
                    ],
                    "texture": "#0"
                },
                "west": {
                    "uv": [
                        3,
                        4.75,
                        5.75,
                        6
                    ],
                    "texture": "#0"
                },
                "up": {
                    "uv": [
                        3.25,
                        0,
                        4,
                        2.75
                    ],
                    "texture": "#0"
                },
                "down": {
                    "uv": [
                        0,
                        0,
                        0.75,
                        2.75
                    ],
                    "texture": "#0"
                }
            }
        }
    ],
    "display": {
        "thirdperson_righthand": {
            "rotation": [
                77,
                -180,
                8
            ],
            "translation": [
                0.5,
                0,
                2.5
            ],
            "scale": [
                0.87,
                0.87,
                0.87
            ]
        },
        "thirdperson_lefthand": {
            "rotation": [
                79,
                -180,
                0
            ],
            "translation": [
                0,
                0,
                3
            ],
            "scale": [
                0.88,
                0.88,
                0.88
            ]
        },
        "ground": {
            "translation": [
                0,
                3.5,
                0
            ]
        },
        "gui": {
            "rotation": [
                11,
                20,
                4
            ],
            "translation": [
                -1,
                5,
                0
            ],
            "scale": [
                0.93,
                0.93,
                0.93
            ]
        },
        "head": {
            "rotation": [
                0.75,
                180,
                -0.75
            ],
            "translation": [
                0.75,
                17.25,
                -0.5
            ],
            "scale": [
                1.75,
                1.75,
                1.75
            ]
        },
        "fixed": {
            "rotation": [
                -90,
                -180,
                0
            ],
            "translation": [
                0.25,
                0.25,
                -7.75
            ]
        }
    }
}